Rank	Read.count	Read.proportion	CDR3.nucleotide.sequence	CDR3.amino.acid.sequence	bestVGene	bestJGene
9	1153	0.00102648198893572	TGTGCCAGCAGCGCCTCGGGGGACGCCTACGAGCAGTACTTC	CASSASGDAYEQYF	TRBV9	TRBJ2-7
24	553	0.000492319635630053	TGTGCCAGCAGCGTGGGGACCGGCTCCTACGAGCAGTACTTC	CASSVGTGSYEQYF	TRBV9	TRBJ2-7
47	326	0.000290228211962744	TGTGCCAGCAGCGTGGCTGTCCTCTCCTACGAGCAGTACTTC	CASSVAVLSYEQYF	TRBV9	TRBJ2-7
127	163	0.000145114105981372	TGTGCCAGCAACCCCGGGACAGGGTCCTACGAGCAGTACTTC	CASNPGTGSYEQYF	TRBV9	TRBJ2-7
132	159	0.000141553023626001	TGTGCCAGCAGCGTAGGACCCCGAGAAAGTAACGAGCAGTACTTC	CASSVGPRESNEQYF	TRBV9	TRBJ2-7
142	152	0.000135321129504101	TGTGCCAGCAGCGTTAGTGAGGCCTACGAGCAGTACTTC	CASSVSEAYEQYF	TRBV9	TRBJ2-7
250	100	8.90270588842773e-05	TGTGCCAGCAGCGTCGGACTAGGGGCCTACGAGCAGTACTTC	CASSVGLGAYEQYF	TRBV9	TRBJ2-7
319	81	7.21119176962646e-05	TGTGCCAGCAGCCCCGGACTAGCCTACGAGCAGTACTTC	CASSPGLAYEQYF	TRBV9	TRBJ2-7
347	77	6.85508353408935e-05	TGTGCCAGCAGCGTAGAGGGGACAGGGACATACGAGCAGTACTTC	CASSVEGTGTYEQYF	TRBV9	TRBJ2-7
361	75	6.6770294163208e-05	TGTGCCAGCAGCGCTAGCGGGGCCGCCTACGAGCAGTACTTC	CASSASGAAYEQYF	TRBV9	TRBJ2-7
385	71	6.32092118078369e-05	TGTGCCAGCAGCCCTGGGGGCGTAGCCTACGAGCAGTACTTC	CASSPGGVAYEQYF	TRBV9	TRBJ2-7
427	66	5.8757858863623e-05	TGTGCCAGCAGCGTAGAAGGGACAGGGACCTACGAGCAGTACTTC	CASSVEGTGTYEQYF	TRBV9	TRBJ2-7
442	65	5.78675882747802e-05	TGTGCCAGCAGCGTTTCTAGCGGGGCCTACGAGCAGTACTTC	CASSVSSGAYEQYF	TRBV9	TRBJ2-7
504	59	5.25259647417236e-05	TGTGCCAGCAGCCCGGATGCAGGGGCGGCCTACGAGCAGTACTTC	CASSPDAGAAYEQYF	TRBV9	TRBJ2-7
573	54	4.80746117975097e-05	TGTGCCAGCAGCGTAGACATCTCCTACGAGCAGTACTTC	CASSVDISYEQYF	TRBV9	TRBJ2-7
682	48	4.27329882644531e-05	TGTGCCAGCAGCGTAGGTAGCTCCTACGAGCAGTACTTC	CASSVGSSYEQYF	TRBV9	TRBJ2-7
761	44	3.9171905909082e-05	TGTGCCAGCACCGTCGGAGGGGATTCCTACGAGCAGTACTTC	CASTVGGDSYEQYF	TRBV9	TRBJ2-7
1007	35	3.1159470609497e-05	TGTGCCAGCAGCGGTGGGACAGGAGCCTACGAGCAGTACTTC	CASSGGTGAYEQYF	TRBV9	TRBJ2-7
1183	31	2.7598388254126e-05	TGTGCCAGCAGCGTTTCGGGCGGGAGTTACGAGCAGTACTTC	CASSVSGGSYEQYF	TRBV9	TRBJ2-7
1232	30	2.67081176652832e-05	TGTGCCAGCAGCTCCGGGACAGGGGCCTACGAGCAGTACTTC	CASSSGTGAYEQYF	TRBV9	TRBJ2-7
1292	29	2.58178470764404e-05	TGTGCCAGCAGCTCAGGGGTAAGCTCCTACGAGCAGTACTTC	CASSSGVSSYEQYF	TRBV9	TRBJ2-7
1364	28	2.49275764875976e-05	TGTGCCAGCAGCGCGGGCGTCGGGGGCGGCGAGCAGTACTTC	CASSAGVGGGEQYF	TRBV9	TRBJ2-7
1496	26	2.31470353099121e-05	TGTGCCAGCAGCGGGGGGGGACCCGCCTACGAGCAGTACTTC	CASSGGGPAYEQYF	TRBV9	TRBJ2-7
1479	26	2.31470353099121e-05	TGTGCCAGCAGCGTAACCGCGACAGGGACATACGAGCAGTACTTC	CASSVTATGTYEQYF	TRBV9	TRBJ2-7
1478	26	2.31470353099121e-05	TGTGCCAGCAGCGTAGCCGGGACAGCCTCCTACGAGCAGTACTTC	CASSVAGTASYEQYF	TRBV9	TRBJ2-7
1939	21	1.86956823656982e-05	TGTGCCAGCAGCCTCAGCGGGGACGCCTACGAGCAGTACTTC	CASSLSGDAYEQYF	TRBV9	TRBJ2-7
1906	21	1.86956823656982e-05	TGTGCCAGCAGCTCCCGCGGGCAGCCTACCCCTACGAGCAGTACTTC	CASSSRGQ_YPYEQYF	TRBV9	TRBJ2-7
2072	20	1.78054117768555e-05	TGTGCCAGCAGCCCCAGCGGTAGCTCCTACGAGCAGTACTTC	CASSPSGSSYEQYF	TRBV9	TRBJ2-7
2050	20	1.78054117768555e-05	TGTGCCAGCAGCCTTTCTGGGACAGCAGCCTACGAGCAGTACTTC	CASSLSGTAAYEQYF	TRBV9	TRBJ2-7
2024	20	1.78054117768555e-05	TGTGCCAGCAGCGTCCAGGCCGGGACAGGGGCCTACGAGCAGTACTTC	CASSVQAGTGAYEQYF	TRBV9	TRBJ2-7
2075	20	1.78054117768555e-05	TGTGCCAGCAGCGTTTCAGGCGACTCCTACGAGCAGTACTTC	CASSVSGDSYEQYF	TRBV9	TRBJ2-7
2069	20	1.78054117768555e-05	TGTGCCAGCAGCTCCTCCGGAGATGCTTACGAGCAGTACTTC	CASSSSGDAYEQYF	TRBV9	TRBJ2-7
2217	19	1.69151411880127e-05	TGTGCCAGCAGCGCCTTCGTGTACTCCTACGAGCAGTACTTC	CASSAFVYSYEQYF	TRBV9	TRBJ2-7
2365	18	1.60248705991699e-05	TGTGCCAGCAGCGTAGGGCTAGCTTCCTACGAGCAGTACTTC	CASSVGLASYEQYF	TRBV9	TRBJ2-7
2680	16	1.42443294214844e-05	TGTGCCAGCAGCGCCTCCGGGACAGGAGCCTACGAGCAGTACTTC	CASSASGTGAYEQYF	TRBV9	TRBJ2-7
2730	16	1.42443294214844e-05	TGTGCCAGCAGCGCCTCTGGTTCCTCCTACGAGCAGTACTTC	CASSASGSSYEQYF	TRBV9	TRBJ2-7
2679	16	1.42443294214844e-05	TGTGCCAGCAGCGTAGAGGGCTCCCCGGTCGACGAGCAGTACTTC	CASSVEGSPVDEQYF	TRBV9	TRBJ2-7
2678	16	1.42443294214844e-05	TGTGCCAGCAGCGTAGGCGGAGATAACTCCTACGAGCAGTACTTC	CASSVGGDNSYEQYF	TRBV9	TRBJ2-7
2903	15	1.33540588326416e-05	TGTGCCAGCAGCGCAGCCACAGGGTTTTCCTACGAGCAGTACTTC	CASSAATGFSYEQYF	TRBV9	TRBJ2-7
3221	14	1.24637882437988e-05	TGTGCCAGCAGCTTAACAGGGTACTCCTACGAGCAGTACTTC	CASSLTGYSYEQYF	TRBV9	TRBJ2-7
3529	13	1.1573517654956e-05	TGTGCCAGCAGCCCCGGGACAGCCTCCTACGAGCAGTACTTC	CASSPGTASYEQYF	TRBV9	TRBJ2-7
3531	13	1.1573517654956e-05	TGTGCCAGCAGCCCGGCGGGAGACGCCTACGAGCAGTACTTC	CASSPAGDAYEQYF	TRBV9	TRBJ2-7
3522	13	1.1573517654956e-05	TGTGCCAGCAGCCTAGCCTGGAGTACCTACGAGCAGTACTTC	CASSLAWSTYEQYF	TRBV9	TRBJ2-7
3537	13	1.1573517654956e-05	TGTGCCAGCAGCGTAGCCCCCGAGGGGTACGAGCAGTACTTC	CASSVAPEGYEQYF	TRBV9	TRBJ2-7
3536	13	1.1573517654956e-05	TGTGCCAGCAGCGTCTCGGGGGACGCATACGAGCAGTACTTC	CASSVSGDAYEQYF	TRBV9	TRBJ2-7
3433	13	1.1573517654956e-05	TGTGCCAGCAGTCCTAGTTCGGGGGCCTCCTACGAGCAGTACTTC	CASSPSSGASYEQYF	TRBV9	TRBJ2-7
3872	12	1.06832470661133e-05	TGTGCCAGCACCCCGTCGGGACACCTTTGGGAGCAGTACTTC	CASTPSGHLWEQYF	TRBV9	TRBJ2-7
3903	12	1.06832470661133e-05	TGTGCCAGCAGCGTAGACCCTATTGGCTACGAGCAGTACTTC	CASSVDPIGYEQYF	TRBV9	TRBJ2-7
3902	12	1.06832470661133e-05	TGTGCCAGCAGCGTAGCCGGGGGGGCTTACGAGCAGTACTTC	CASSVAGGAYEQYF	TRBV9	TRBJ2-7
4350	11	9.7929764772705e-06	TGTGCCAGCAGCGTAGGGTGGGGGGCCTACGAGCAGTACTTC	CASSVGWGAYEQYF	TRBV9	TRBJ2-7
4865	10	8.90270588842773e-06	TGTGCCAGCACCGACGGGACTGATTCCTACGAGCAGTACTTC	CASTDGTDSYEQYF	TRBV9	TRBJ2-7
4787	10	8.90270588842773e-06	TGTGCCAGCAGCGTAGGAGGGGGCGCGTCCTACGAGCAGTACTTC	CASSVGGGASYEQYF	TRBV9	TRBJ2-7
4931	10	8.90270588842773e-06	TGTGCCAGCAGCGTAGGCGGGGGGGCCTACGAGCAGTACTTC	CASSVGGGAYEQYF	TRBV9	TRBJ2-7
5648	9	8.01243529958496e-06	TGTGCCAGCAATAGCGGGGGAGCAGCCTACGAGCAGTACTTC	CASNSGGAAYEQYF	TRBV9	TRBJ2-7
5637	9	8.01243529958496e-06	TGTGCCAGCAGCAAGGCAGCGAGCTCCTACGAGCAGTACTTC	CASSKAASSYEQYF	TRBV9	TRBJ2-7
5477	9	8.01243529958496e-06	TGTGCCAGCAGCGCTCGAGCGGGGGCGAGCGACGAGCAGTACTTC	CASSARAGASDEQYF	TRBV9	TRBJ2-7
5769	9	8.01243529958496e-06	TGTGCCAGCAGCGGGGGTGAGGCTTACGAGCAGTACTTC	CASSGGEAYEQYF	TRBV9	TRBJ2-7
5476	9	8.01243529958496e-06	TGTGCCAGCAGCGTAAGAGACGGAGGCTCCTACGAGCAGTACTTC	CASSVRDGGSYEQYF	TRBV9	TRBJ2-7
5632	9	8.01243529958496e-06	TGTGCCAGCAGCGTAGGACAGGGAACCTACGAGCAGTACTTC	CASSVGQGTYEQYF	TRBV9	TRBJ2-7
5475	9	8.01243529958496e-06	TGTGCCAGCAGCGTAGGGGCAGGGGACGCCTACGAGCAGTACTTC	CASSVGAGDAYEQYF	TRBV9	TRBJ2-7
5630	9	8.01243529958496e-06	TGTGCCAGCAGCGTAGGGGTTACAGGTTACGAGCAGTACTTC	CASSVGVTGYEQYF	TRBV9	TRBJ2-7
5474	9	8.01243529958496e-06	TGTGCCAGCAGCGTATCCGGGACTCCGGCCAACGAGCAGTACTTC	CASSVSGTPANEQYF	TRBV9	TRBJ2-7
5627	9	8.01243529958496e-06	TGTGCCAGCAGCGTCGGCGGGAGTAGTTACGAGCAGTACTTC	CASSVGGSSYEQYF	TRBV9	TRBJ2-7
5603	9	8.01243529958496e-06	TGTGCCAGCAGCTTAGCGGCAGGAGGATCGGAGCAGTACTTC	CASSLAAGGSEQYF	TRBV9	TRBJ2-7
5356	9	8.01243529958496e-06	TGTGCCAGCAGCTTTAGGACTAGCGGTATTTATACGAGCAGTACTTC	CASSFRTS_YLYEQYF	TRBV9	TRBJ2-7
6091	8	7.12216471074218e-06	TGTGCCAGCAGCGCCGGGACTAGCGGGGGGGCCTACGAGCAGTACTTC	CASSAGTSGGAYEQYF	TRBV9	TRBJ2-7
6490	8	7.12216471074218e-06	TGTGCCAGCAGCGCGAGCGGGGCAGCCTACGAGCAGTACTTC	CASSASGAAYEQYF	TRBV9	TRBJ2-7
6488	8	7.12216471074218e-06	TGTGCCAGCAGCGCTAGCGGGGGGGCGTACGAGCAGTACTTC	CASSASGGAYEQYF	TRBV9	TRBJ2-7
6266	8	7.12216471074218e-06	TGTGCCAGCAGCGTAGCTTCGGACGGAGCCTACGAGCAGTACTTC	CASSVASDGAYEQYF	TRBV9	TRBJ2-7
6269	8	7.12216471074218e-06	TGTGCCAGCAGCGTAGGAGGACAGGGAATCTACGAGCAGTACTTC	CASSVGGQGIYEQYF	TRBV9	TRBJ2-7
6268	8	7.12216471074218e-06	TGTGCCAGCAGCGTAGGGCAGGGGGGGACCTACGAGCAGTACTTC	CASSVGQGGTYEQYF	TRBV9	TRBJ2-7
6384	8	7.12216471074218e-06	TGTGCCAGCGGCAAAGGGGGGGACTCCTACGAGCAGTACTTC	CASGKGGDSYEQYF	TRBV9	TRBJ2-7
7959	7	6.23189412189941e-06	TGTGCCAGCAGCACCCTAGGTATGCGCGAGCAGTACTTC	CASSTLGMREQYF	TRBV9	TRBJ2-7
7937	7	6.23189412189941e-06	TGTGCCAGCAGCCCCCGGGGCCCGGCAGAGCAGTACTTC	CASSPRGPAEQYF	TRBV9	TRBJ2-7
7938	7	6.23189412189941e-06	TGTGCCAGCAGCCCCGCTAGCGGATACGAGCAGTACTTC	CASSPASGYEQYF	TRBV9	TRBJ2-7
7654	7	6.23189412189941e-06	TGTGCCAGCAGCCCGGGGGGGGGGCGGTACGAGCAGTACTTC	CASSPGGGRYEQYF	TRBV9	TRBJ2-7
7392	7	6.23189412189941e-06	TGTGCCAGCAGCGCGTCAGGAGGCGAGGCCTACGAGCAGTACTTC	CASSASGGEAYEQYF	TRBV9	TRBJ2-7
7687	7	6.23189412189941e-06	TGTGCCAGCAGCGTAAAGGCGGGAACCTACGAGCAGTACTTC	CASSVKAGTYEQYF	TRBV9	TRBJ2-7
7684	7	6.23189412189941e-06	TGTGCCAGCAGCGTAGCGGGAGGGGCATACGAGCAGTACTTC	CASSVAGGAYEQYF	TRBV9	TRBJ2-7
7383	7	6.23189412189941e-06	TGTGCCAGCAGCGTAGGCCCCCCTGGACAAGGGGAGCAGTACTTC	CASSVGPPGQGEQYF	TRBV9	TRBJ2-7
7682	7	6.23189412189941e-06	TGTGCCAGCAGCGTCAGCGGGACTGCCTACGAGCAGTACTTC	CASSVSGTAYEQYF	TRBV9	TRBJ2-7
7378	7	6.23189412189941e-06	TGTGCCAGCAGCGTTTTTCAGGACAGAGACTACGAGCAGTACTTC	CASSVFQDRDYEQYF	TRBV9	TRBJ2-7
9470	6	5.34162353305664e-06	TGTGCCAGCAATCCCGGGACAGGAGCCTACGAGCAGTACTTC	CASNPGTGAYEQYF	TRBV9	TRBJ2-7
9400	6	5.34162353305664e-06	TGTGCCAGCAGCCCCACGGCAGGCTCCTACGAGCAGTACTTC	CASSPTAGSYEQYF	TRBV9	TRBJ2-7
9395	6	5.34162353305664e-06	TGTGCCAGCAGCCCCGGGACCGAAGCCTACGAGCAGTACTTC	CASSPGTEAYEQYF	TRBV9	TRBJ2-7
9439	6	5.34162353305664e-06	TGTGCCAGCAGCGCGAGCGGGGAAGCCTACGAGCAGTACTTC	CASSASGEAYEQYF	TRBV9	TRBJ2-7
8991	6	5.34162353305664e-06	TGTGCCAGCAGCGCGGACGCGGGATCAGCCTACGAGCAGTACTTC	CASSADAGSAYEQYF	TRBV9	TRBJ2-7
8994	6	5.34162353305664e-06	TGTGCCAGCAGCGGACCGGGACAGTCACCCTACGAGCAGTACTTC	CASSGPGQSPYEQYF	TRBV9	TRBJ2-7
9441	6	5.34162353305664e-06	TGTGCCAGCAGCGGTATAATAGGTCTGTACGAGCAGTACTTC	CASSGIIGLYEQYF	TRBV9	TRBJ2-7
8989	6	5.34162353305664e-06	TGTGCCAGCAGCGTAAACCCGGGACAGGGGTGGGAGCAGTACTTC	CASSVNPGQGWEQYF	TRBV9	TRBJ2-7
9435	6	5.34162353305664e-06	TGTGCCAGCAGCGTAGAAGGGGAGTCCTACGAGCAGTACTTC	CASSVEGESYEQYF	TRBV9	TRBJ2-7
9433	6	5.34162353305664e-06	TGTGCCAGCAGCGTAGGGTCAGCGATCTACGAGCAGTACTTC	CASSVGSAIYEQYF	TRBV9	TRBJ2-7
9429	6	5.34162353305664e-06	TGTGCCAGCAGCGTTTCCGGGACAGATGGTGAGCAGTACTTC	CASSVSGTDGEQYF	TRBV9	TRBJ2-7
11472	5	4.45135294421386e-06	TGTGCCAGCAGCCCAAGACCGGCGCAGACCTACGAGCAGTACTTC	CASSPRPAQTYEQYF	TRBV9	TRBJ2-7
12914	5	4.45135294421386e-06	TGTGCCAGCAGCCCCAGCGGGAGTTACGAGCAGTACTTC	CASSPSGSYEQYF	TRBV9	TRBJ2-7
11446	5	4.45135294421386e-06	TGTGCCAGCAGCCCCCGGCGCACCCTTGATGGAGAGCAGTACTTC	CASSPRRTLDGEQYF	TRBV9	TRBJ2-7
13331	5	4.45135294421386e-06	TGTGCCAGCAGCCCGGGACAGGGCGAGCAGTACTTC	CASSPGQGEQYF	TRBV9	TRBJ2-7
10789	5	4.45135294421386e-06	TGTGCCAGCAGCCCTGCGGCCGGGGAGGGGGGTTACGAGCAGTACTTC	CASSPAAGEGGYEQYF	TRBV9	TRBJ2-7
11533	5	4.45135294421386e-06	TGTGCCAGCAGCGCACAGCCGGGACTAGTCGACGAGCAGTACTTC	CASSAQPGLVDEQYF	TRBV9	TRBJ2-7
12294	5	4.45135294421386e-06	TGTGCCAGCAGCGCCAGCGGGGATGCCTACGAGCAGTACTTC	CASSASGDAYEQYF	TRBV9	TRBJ2-7
12296	5	4.45135294421386e-06	TGTGCCAGCAGCGCGGGACAGGAGGCCTACGAGCAGTACTTC	CASSAGQEAYEQYF	TRBV9	TRBJ2-7
12303	5	4.45135294421386e-06	TGTGCCAGCAGCGGAGGGACAGGTTCCTACGAGCAGTACTTC	CASSGGTGSYEQYF	TRBV9	TRBJ2-7
12298	5	4.45135294421386e-06	TGTGCCAGCAGCGGGGGGGACAGGGGGCTCGAGCAGTACTTC	CASSGGDRGLEQYF	TRBV9	TRBJ2-7
11529	5	4.45135294421386e-06	TGTGCCAGCAGCGTAAAAACTAGCGGGAGTGACGAGCAGTACTTC	CASSVKTSGSDEQYF	TRBV9	TRBJ2-7
12289	5	4.45135294421386e-06	TGTGCCAGCAGCGTAGAAGGCACTGACTACGAGCAGTACTTC	CASSVEGTDYEQYF	TRBV9	TRBJ2-7
12960	5	4.45135294421386e-06	TGTGCCAGCAGCGTAGACGGACCCTACGAGCAGTACTTC	CASSVDGPYEQYF	TRBV9	TRBJ2-7
11527	5	4.45135294421386e-06	TGTGCCAGCAGCGTAGAGGGGACTAGCGTCGACGAGCAGTACTTC	CASSVEGTSVDEQYF	TRBV9	TRBJ2-7
12286	5	4.45135294421386e-06	TGTGCCAGCAGCGTAGGGGACAGGGCCCTCGAGCAGTACTTC	CASSVGDRALEQYF	TRBV9	TRBJ2-7
11520	5	4.45135294421386e-06	TGTGCCAGCAGCGTAGGGGCTAGCGCGCACTACGAGCAGTACTTC	CASSVGASAHYEQYF	TRBV9	TRBJ2-7
12283	5	4.45135294421386e-06	TGTGCCAGCAGCGTAGGTACAGGGAACTACGAGCAGTACTTC	CASSVGTGNYEQYF	TRBV9	TRBJ2-7
11513	5	4.45135294421386e-06	TGTGCCAGCAGCGTGCAGGCAACAGATTCCTACGAGCAGTACTTC	CASSVQATDSYEQYF	TRBV9	TRBJ2-7
15538	4	3.56108235537109e-06	TGTGCCAGCACCCAGGGGGCGGGAGCAGCCTACGAGCAGTACTTC	CASTQGAGAAYEQYF	TRBV9	TRBJ2-7
15523	4	3.56108235537109e-06	TGTGCCAGCACCTTGGGGGCCAGTAGCTCCTACGAGCAGTACTTC	CASTLGASSSYEQYF	TRBV9	TRBJ2-7
20208	4	3.56108235537109e-06	TGTGCCAGCAGCCACTCGCGCCACGAGCAGTACTTC	CASSHSRHEQYF	TRBV9	TRBJ2-7
19220	4	3.56108235537109e-06	TGTGCCAGCAGCCCACGAGAGGGGAGCGAGCAGTACTTC	CASSPREGSEQYF	TRBV9	TRBJ2-7
17783	4	3.56108235537109e-06	TGTGCCAGCAGCCCCGGGACAGAAGCCTACGAGCAGTACTTC	CASSPGTEAYEQYF	TRBV9	TRBJ2-7
19219	4	3.56108235537109e-06	TGTGCCAGCAGCCCGAGCTCAGGGTACGAGCAGTACTTC	CASSPSSGYEQYF	TRBV9	TRBJ2-7
17768	4	3.56108235537109e-06	TGTGCCAGCAGCCCTAGGACAGTGGTAGGCGAGCAGTACTTC	CASSPRTVVGEQYF	TRBV9	TRBJ2-7
17751	4	3.56108235537109e-06	TGTGCCAGCAGCCTGACTAGCGGGAGTATAAAGCAGTACTTC	CASSLTSGSIKQYF	TRBV9	TRBJ2-7
16328	4	3.56108235537109e-06	TGTGCCAGCAGCGAAGGAGCAACCCCGTCCTACGAGCAGTACTTC	CASSEGATPSYEQYF	TRBV9	TRBJ2-7
20758	4	3.56108235537109e-06	TGTGCCAGCAGCGACCCCCACGAGCAGTACTTC	CASSDPHEQYF	TRBV9	TRBJ2-7
20760	4	3.56108235537109e-06	TGTGCCAGCAGCGACGCCTACGAGCAGTACTTC	CASSDAYEQYF	TRBV9	TRBJ2-7
14952	4	3.56108235537109e-06	TGTGCCAGCAGCGCAGATTCCGGGACTGGCTCCTACGAGCAGTACTTC	CASSADSGTGSYEQYF	TRBV9	TRBJ2-7
16317	4	3.56108235537109e-06	TGTGCCAGCAGCGCATCCGGGACTAGCGGGAACGAGCAGTACTTC	CASSASGTSGNEQYF	TRBV9	TRBJ2-7
16312	4	3.56108235537109e-06	TGTGCCAGCAGCGCCGCGGGACAGAGCACCTACGAGCAGTACTTC	CASSAAGQSTYEQYF	TRBV9	TRBJ2-7
17896	4	3.56108235537109e-06	TGTGCCAGCAGCGCCGGGACTAGCGGATACGAGCAGTACTTC	CASSAGTSGYEQYF	TRBV9	TRBJ2-7
17895	4	3.56108235537109e-06	TGTGCCAGCAGCGCCGGGGGCATCTCCTACGAGCAGTACTTC	CASSAGGISYEQYF	TRBV9	TRBJ2-7
17894	4	3.56108235537109e-06	TGTGCCAGCAGCGCCGGGGTCGACGCCTACGAGCAGTACTTC	CASSAGVDAYEQYF	TRBV9	TRBJ2-7
19289	4	3.56108235537109e-06	TGTGCCAGCAGCGCGGGACTGTCCTACGAGCAGTACTTC	CASSAGLSYEQYF	TRBV9	TRBJ2-7
17905	4	3.56108235537109e-06	TGTGCCAGCAGCGGCCTTGGGGACCCCTACGAGCAGTACTTC	CASSGLGDPYEQYF	TRBV9	TRBJ2-7
16319	4	3.56108235537109e-06	TGTGCCAGCAGCGGTTCCGGGACAGGGGCCTACGAGCAGTACTTC	CASSGSGTGAYEQYF	TRBV9	TRBJ2-7
14943	4	3.56108235537109e-06	TGTGCCAGCAGCGTAGAGCCGAGACAGGACCTTTACGAGCAGTACTTC	CASSVEPRQDLYEQYF	TRBV9	TRBJ2-7
14202	4	3.56108235537109e-06	TGTGCCAGCAGCGTAGAGGCAGGAGGTAGAAGGGGCTACGAGCAGTACTTC	CASSVEAGGRRGYEQYF	TRBV9	TRBJ2-7
16308	4	3.56108235537109e-06	TGTGCCAGCAGCGTAGAGGGGACTGGGACCTACGAGCAGTACTTC	CASSVEGTGTYEQYF	TRBV9	TRBJ2-7
20238	4	3.56108235537109e-06	TGTGCCAGCAGCGTAGCATTGGGCGAGCAGTACTTC	CASSVALGEQYF	TRBV9	TRBJ2-7
20237	4	3.56108235537109e-06	TGTGCCAGCAGCGTAGCGAATGGGGAGCAGTACTTC	CASSVANGEQYF	TRBV9	TRBJ2-7
17880	4	3.56108235537109e-06	TGTGCCAGCAGCGTAGCGAGCTTCGGGGAGGAGCAGTACTTC	CASSVASFGEEQYF	TRBV9	TRBJ2-7
14937	4	3.56108235537109e-06	TGTGCCAGCAGCGTAGCGGCATCCCTAGGGAGTGACGAGCAGTACTTC	CASSVAASLGSDEQYF	TRBV9	TRBJ2-7
14200	4	3.56108235537109e-06	TGTGCCAGCAGCGTAGGAGCGGCAGCCATACCTTCCTACGAGCAGTACTTC	CASSVGAAAIPSYEQYF	TRBV9	TRBJ2-7
17882	4	3.56108235537109e-06	TGTGCCAGCAGCGTAGGCACTAGCGCCTACGAGCAGTACTTC	CASSVGTSAYEQYF	TRBV9	TRBJ2-7
16300	4	3.56108235537109e-06	TGTGCCAGCAGCGTAGGGACAGGGTATACCTACGAGCAGTACTTC	CASSVGTGYTYEQYF	TRBV9	TRBJ2-7
19281	4	3.56108235537109e-06	TGTGCCAGCAGCGTAGGGGACAGGCGCGAGCAGTACTTC	CASSVGDRREQYF	TRBV9	TRBJ2-7
17885	4	3.56108235537109e-06	TGTGCCAGCAGCGTAGGGGACAGGGGCTACGAGCAGTACTTC	CASSVGDRGYEQYF	TRBV9	TRBJ2-7
16299	4	3.56108235537109e-06	TGTGCCAGCAGCGTAGGGGGACAGGGAGGTGACGAGCAGTACTTC	CASSVGGQGGDEQYF	TRBV9	TRBJ2-7
17884	4	3.56108235537109e-06	TGTGCCAGCAGCGTAGGGGGAGACTCCTACGAGCAGTACTTC	CASSVGGDSYEQYF	TRBV9	TRBJ2-7
16295	4	3.56108235537109e-06	TGTGCCAGCAGCGTAGGGTCCGACACTTCCTACGAGCAGTACTTC	CASSVGSDTSYEQYF	TRBV9	TRBJ2-7
17881	4	3.56108235537109e-06	TGTGCCAGCAGCGTAGGTAGCAGCTCCTACGAGCAGTACTTC	CASSVGSSSYEQYF	TRBV9	TRBJ2-7
14198	4	3.56108235537109e-06	TGTGCCAGCAGCGTCGAGACCGGGACTAGCGGGGCCTACGAGCAGTACTTC	CASSVETGTSGAYEQYF	TRBV9	TRBJ2-7
14932	4	3.56108235537109e-06	TGTGCCAGCAGCGTTACTAGCGGGGCACGCTCCTACGAGCAGTACTTC	CASSVTSGARSYEQYF	TRBV9	TRBJ2-7
19151	4	3.56108235537109e-06	TGTGCCAGCAGCTCCCGGGACAGCTACGAGCAGTACTTC	CASSSRDSYEQYF	TRBV9	TRBJ2-7
17436	4	3.56108235537109e-06	TGTGCCAGCAGTCCCGGGACGGAGTCCTACGAGCAGTACTTC	CASSPGTESYEQYF	TRBV9	TRBJ2-7
15849	4	3.56108235537109e-06	TGTGCCAGCAGTGCGGCGGCTAGCGGTACCTACGAGCAGTACTTC	CASSAAASGTYEQYF	TRBV9	TRBJ2-7
19898	4	3.56108235537109e-06	TGTGCCAGCGGCTTTGAAAACTACGAGCAGTACTTC	CASGFENYEQYF	TRBV9	TRBJ2-7
19818	4	3.56108235537109e-06	TGTGCTGTGGAGGCCACCTCCTACGAGCAGTACTTC	CAVEATSYEQYF	TRBV9	TRBJ2-7
26809	3	2.67081176652832e-06	TGTGCCAGCACTCCGGGACAGGGTTCTACCTACGAGCAGTACTTC	CASTPGQGSTYEQYF	TRBV9	TRBJ2-7
43029	3	2.67081176652832e-06	TGTGCCAGCAGAAGGTACGAGCAGTACTTC	CASRRYEQYF	TRBV9	TRBJ2-7
34114	3	2.67081176652832e-06	TGTGCCAGCAGCACCGGGACAGGGGCCTACGAGCAGTACTTC	CASSTGTGAYEQYF	TRBV9	TRBJ2-7
34117	3	2.67081176652832e-06	TGTGCCAGCAGCACGAGGGACGGCTCCTACGAGCAGTACTTC	CASSTRDGSYEQYF	TRBV9	TRBJ2-7
33836	3	2.67081176652832e-06	TGTGCCAGCAGCCAGGGGGACAGGGGGTACGAGCAGTACTTC	CASSQGDRGYEQYF	TRBV9	TRBJ2-7
33720	3	2.67081176652832e-06	TGTGCCAGCAGCCCAGCGACAGCTTCCTACGAGCAGTACTTC	CASSPATASYEQYF	TRBV9	TRBJ2-7
33725	3	2.67081176652832e-06	TGTGCCAGCAGCCCAGGGGGGGCAGTTTACGAGCAGTACTTC	CASSPGGAVYEQYF	TRBV9	TRBJ2-7
28737	3	2.67081176652832e-06	TGTGCCAGCAGCCCCACCGGACACGGACTCTACGAGCAGTACTTC	CASSPTGHGLYEQYF	TRBV9	TRBJ2-7
41020	3	2.67081176652832e-06	TGTGCCAGCAGCCCCCGGGAATACGAGCAGTACTTC	CASSPREYEQYF	TRBV9	TRBJ2-7
33658	3	2.67081176652832e-06	TGTGCCAGCAGCCCCGGACAGGGGGCCTACGAGCAGTACTTC	CASSPGQGAYEQYF	TRBV9	TRBJ2-7
24707	3	2.67081176652832e-06	TGTGCCAGCAGCCCCGGCGGGGGGAACTCACTCGGGGAGCAGTACTTC	CASSPGGGNSLGEQYF	TRBV9	TRBJ2-7
33690	3	2.67081176652832e-06	TGTGCCAGCAGCCCGGGGACAGAGGCCTACGAGCAGTACTTC	CASSPGTEAYEQYF	TRBV9	TRBJ2-7
33689	3	2.67081176652832e-06	TGTGCCAGCAGCCCGGGGACAGGAGCCTACGAGCAGTACTTC	CASSPGTGAYEQYF	TRBV9	TRBJ2-7
33688	3	2.67081176652832e-06	TGTGCCAGCAGCCCGGGGGCGGGATCCTACGAGCAGTACTTC	CASSPGAGSYEQYF	TRBV9	TRBJ2-7
36169	3	2.67081176652832e-06	TGTGCCAGCAGCCGGGACAAAATCCTACGAGCAGTACTTC	CASSRDK_SYEQYF	TRBV9	TRBJ2-7
33533	3	2.67081176652832e-06	TGTGCCAGCAGCCTCCGGGACAACACCTACGAGCAGTACTTC	CASSLRDNTYEQYF	TRBV9	TRBJ2-7
41219	3	2.67081176652832e-06	TGTGCCAGCAGCGACACAGGGCCCGAGCAGTACTTC	CASSDTGPEQYF	TRBV9	TRBJ2-7
29214	3	2.67081176652832e-06	TGTGCCAGCAGCGACTCAGCGGGAGGTTCCTACGAGCAGTACTTC	CASSDSAGGSYEQYF	TRBV9	TRBJ2-7
34075	3	2.67081176652832e-06	TGTGCCAGCAGCGATACCGGGACCCGGGGCGAGCAGTACTTC	CASSDTGTRGEQYF	TRBV9	TRBJ2-7
34038	3	2.67081176652832e-06	TGTGCCAGCAGCGCAGAGCCGGGTCCGTACGAGCAGTACTTC	CASSAEPGPYEQYF	TRBV9	TRBJ2-7
29165	3	2.67081176652832e-06	TGTGCCAGCAGCGCCAGAGTGGCAGGGTGGGCCGAGCAGTACTTC	CASSARVAGWAEQYF	TRBV9	TRBJ2-7
29153	3	2.67081176652832e-06	TGTGCCAGCAGCGCCCTCCCGGGACAGGGAAACGAGCAGTACTTC	CASSALPGQGNEQYF	TRBV9	TRBJ2-7
34023	3	2.67081176652832e-06	TGTGCCAGCAGCGCCGGGACGGAAGCCTACGAGCAGTACTTC	CASSAGTEAYEQYF	TRBV9	TRBJ2-7
34021	3	2.67081176652832e-06	TGTGCCAGCAGCGCCGGGACTAGCTCCTACGAGCAGTACTTC	CASSAGTSSYEQYF	TRBV9	TRBJ2-7
25030	3	2.67081176652832e-06	TGTGCCAGCAGCGCCTATGAGGGGCAACCTTCCTACGAGCAGTACTTC	CASSAYEGQPSYEQYF	TRBV9	TRBJ2-7
42596	3	2.67081176652832e-06	TGTGCCAGCAGCGCCTCCTACGAGCAGTACTTC	CASSASYEQYF	TRBV9	TRBJ2-7
34031	3	2.67081176652832e-06	TGTGCCAGCAGCGCGGGGACAGGGGCCTACGAGCAGTACTTC	CASSAGTGAYEQYF	TRBV9	TRBJ2-7
29198	3	2.67081176652832e-06	TGTGCCAGCAGCGGACGAACCGGGACAGGGTACGAGCAGTACTTC	CASSGRTGTGYEQYF	TRBV9	TRBJ2-7
34041	3	2.67081176652832e-06	TGTGCCAGCAGCGGTGGGAGGGGAACCTACGAGCAGTACTTC	CASSGGRGTYEQYF	TRBV9	TRBJ2-7
33983	3	2.67081176652832e-06	TGTGCCAGCAGCGTACAGCTGGTCCCCTACGAGCAGTACTTC	CASSVQLVPYEQYF	TRBV9	TRBJ2-7
29107	3	2.67081176652832e-06	TGTGCCAGCAGCGTACAGGGACTAGCGTTCAACGAGCAGTACTTC	CASSVQGLAFNEQYF	TRBV9	TRBJ2-7
29141	3	2.67081176652832e-06	TGTGCCAGCAGCGTAGAAGGGAAACTCAGGAACGAGCAGTACTTC	CASSVEGKLRNEQYF	TRBV9	TRBJ2-7
34009	3	2.67081176652832e-06	TGTGCCAGCAGCGTAGAAGGGACGGCCTACGAGCAGTACTTC	CASSVEGTAYEQYF	TRBV9	TRBJ2-7
29133	3	2.67081176652832e-06	TGTGCCAGCAGCGTAGACCCGGGACAGCTCTACGAGCAGTACTTC	CASSVDPGQLYEQYF	TRBV9	TRBJ2-7
29136	3	2.67081176652832e-06	TGTGCCAGCAGCGTAGAGGCGGGCCCAACCTACGAGCAGTACTTC	CASSVEAGPTYEQYF	TRBV9	TRBJ2-7
33995	3	2.67081176652832e-06	TGTGCCAGCAGCGTAGCAGGTCCCTCCTACGAGCAGTACTTC	CASSVAGPSYEQYF	TRBV9	TRBJ2-7
38366	3	2.67081176652832e-06	TGTGCCAGCAGCGTAGCGGATACCTACGAGCAGTACTTC	CASSVADTYEQYF	TRBV9	TRBJ2-7
33992	3	2.67081176652832e-06	TGTGCCAGCAGCGTAGCGTGGATAGGTTACGAGCAGTACTTC	CASSVAWIGYEQYF	TRBV9	TRBJ2-7
33990	3	2.67081176652832e-06	TGTGCCAGCAGCGTAGCTACTGAGTCCTACGAGCAGTACTTC	CASSVATESYEQYF	TRBV9	TRBJ2-7
29113	3	2.67081176652832e-06	TGTGCCAGCAGCGTAGCTACTGGGGGCACCTACGAGCAGTACTTC	CASSVATGGTYEQYF	TRBV9	TRBJ2-7
29114	3	2.67081176652832e-06	TGTGCCAGCAGCGTAGCTAGCGGGAGCTCCTACGAGCAGTACTTC	CASSVASGSSYEQYF	TRBV9	TRBJ2-7
21675	3	2.67081176652832e-06	TGTGCCAGCAGCGTAGCTGGGACTAGCGGGGGGGCAAACTACGAGCAGTACTTC	CASSVAGTSGGANYEQYF	TRBV9	TRBJ2-7
41183	3	2.67081176652832e-06	TGTGCCAGCAGCGTAGCTGGTGGTGAGCAGTACTTC	CASSVAGGEQYF	TRBV9	TRBJ2-7
29130	3	2.67081176652832e-06	TGTGCCAGCAGCGTAGGACCTAGCGGAGCCTACGAGCAGTACTTC	CASSVGPSGAYEQYF	TRBV9	TRBJ2-7
38382	3	2.67081176652832e-06	TGTGCCAGCAGCGTAGGAGACAGACGCGAGCAGTACTTC	CASSVGDRREQYF	TRBV9	TRBJ2-7
22736	3	2.67081176652832e-06	TGTGCCAGCAGCGTAGGAGGGACAGGGGGCAAGGGCTACGAGCAGTACTTC	CASSVGGTGGKGYEQYF	TRBV9	TRBJ2-7
41188	3	2.67081176652832e-06	TGTGCCAGCAGCGTAGGAGGGGACGAGCAGTACTTC	CASSVGGDEQYF	TRBV9	TRBJ2-7
42592	3	2.67081176652832e-06	TGTGCCAGCAGCGTAGGCCACGAGCAGTACTTC	CASSVGHEQYF	TRBV9	TRBJ2-7
38371	3	2.67081176652832e-06	TGTGCCAGCAGCGTAGGCGGGTCCTACGAGCAGTACTTC	CASSVGGSYEQYF	TRBV9	TRBJ2-7
38377	3	2.67081176652832e-06	TGTGCCAGCAGCGTAGGGAGCTCCTACGAGCAGTACTTC	CASSVGSSYEQYF	TRBV9	TRBJ2-7
29126	3	2.67081176652832e-06	TGTGCCAGCAGCGTAGGGGGGGACAGAGCCTACGAGCAGTACTTC	CASSVGGDRAYEQYF	TRBV9	TRBJ2-7
34000	3	2.67081176652832e-06	TGTGCCAGCAGCGTAGGGGTAAAGGAAAGGGAGCAGTACTTC	CASSVGVKEREQYF	TRBV9	TRBJ2-7
25018	3	2.67081176652832e-06	TGTGCCAGCAGCGTAGGGGTGGGGGCCGCCTTATACGAGCAGTACTTC	CASSVGVGAALYEQYF	TRBV9	TRBJ2-7
38374	3	2.67081176652832e-06	TGTGCCAGCAGCGTAGGGTCTTCCTACGAGCAGTACTTC	CASSVGSSYEQYF	TRBV9	TRBJ2-7
29121	3	2.67081176652832e-06	TGTGCCAGCAGCGTAGGTGGACTAGCGGATGACGAGCAGTACTTC	CASSVGGLADDEQYF	TRBV9	TRBJ2-7
33985	3	2.67081176652832e-06	TGTGCCAGCAGCGTAGTTGGGGACTCCTACGAGCAGTACTTC	CASSVVGDSYEQYF	TRBV9	TRBJ2-7
38347	3	2.67081176652832e-06	TGTGCCAGCAGCGTCCGGACAGGGAACGAGCAGTACTTC	CASSVRTGNEQYF	TRBV9	TRBJ2-7
38350	3	2.67081176652832e-06	TGTGCCAGCAGCGTCGACTGGGGGGGGGAGCAGTACTTC	CASSVDWGGEQYF	TRBV9	TRBJ2-7
33969	3	2.67081176652832e-06	TGTGCCAGCAGCGTCGGACAGGGACCCTACGAGCAGTACTTC	CASSVGQGPYEQYF	TRBV9	TRBJ2-7
33967	3	2.67081176652832e-06	TGTGCCAGCAGCGTCGGGACAGGGGCCTACGAGCAGTACTTC	CASSVGTGAYEQYF	TRBV9	TRBJ2-7
40031	3	2.67081176652832e-06	TGTGCCAGCAGCGTGGGTCGCTTTACGAGCAGTACTTC	CASSVG_LYEQYF	TRBV9	TRBJ2-7
33964	3	2.67081176652832e-06	TGTGCCAGCAGCGTTAGCGGCACCTCCTACGAGCAGTACTTC	CASSVSGTSYEQYF	TRBV9	TRBJ2-7
29082	3	2.67081176652832e-06	TGTGCCAGCAGCGTTAGTAGCGGGGGGAACTACGAGCAGTACTTC	CASSVSSGGNYEQYF	TRBV9	TRBJ2-7
33961	3	2.67081176652832e-06	TGTGCCAGCAGCGTTGGGGAGAGCTCCTACGAGCAGTACTTC	CASSVGESSYEQYF	TRBV9	TRBJ2-7
24994	3	2.67081176652832e-06	TGTGCCAGCAGCGTTTCCAGGAAGCTACTCTCCTACGAGCAGTACTTC	CASSVSRKLLSYEQYF	TRBV9	TRBJ2-7
33505	3	2.67081176652832e-06	TGTGCCAGCAGCTATAGGGACGGTTCCTACGAGCAGTACTTC	CASSYRDGSYEQYF	TRBV9	TRBJ2-7
42502	3	2.67081176652832e-06	TGTGCCAGCAGCTCAGAGTACGAGCAGTACTTC	CASSSEYEQYF	TRBV9	TRBJ2-7
28492	3	2.67081176652832e-06	TGTGCCAGCAGCTCGGGACAGGGGAATTTCTACGAGCAGTACTTC	CASSSGQGNFYEQYF	TRBV9	TRBJ2-7
37344	3	2.67081176652832e-06	TGTGCCAGCAGTCCAGGGCCGGCGGTCGAGCAGTACTTC	CASSPGPAVEQYF	TRBV9	TRBJ2-7
37446	3	2.67081176652832e-06	TGTGCCAGCAGTGACAGGGTGATAGGGGAGCAGTACTTC	CASSDRVIGEQYF	TRBV9	TRBJ2-7
36713	3	2.67081176652832e-06	TGTGCCAGCGAAGGACAGGACTCCTACGAGCAGTACTTC	CASEGQDSYEQYF	TRBV9	TRBJ2-7
36675	3	2.67081176652832e-06	TGTGCCAGCGCCGCAGGGGGCTCCTACGAGCAGTACTTC	CASAAGGSYEQYF	TRBV9	TRBJ2-7
31835	3	2.67081176652832e-06	TGTGCCAGCGCTCTGCGGGACAGGGGGTTCCAGCAGTACTTC	CASALRDRGFQQYF	TRBV9	TRBJ2-7
31594	3	2.67081176652832e-06	TGTGCCAGTGCAAGAATGGACACAGGGGGCGAGCAGTACTTC	CASARMDTGGEQYF	TRBV9	TRBJ2-7
93439	2	1.78054117768555e-06	TGTGCCACCGACGTGACAGGGGGAGACTACGAGCAGTACTTC	CATDVTGGDYEQYF	TRBV9	TRBJ2-7
85042	2	1.78054117768555e-06	TGTGCCAGCAACAACGCCGGGACAGGGACCTACGAGCAGTACTTC	CASNNAGTGTYEQYF	TRBV9	TRBJ2-7
56546	2	1.78054117768555e-06	TGTGCCAGCACCCCCTATGGCGGACAGGGGGCCTACGAGCAGTACTTC	CASTPYGGQGAYEQYF	TRBV9	TRBJ2-7
95835	2	1.78054117768555e-06	TGTGCCAGCACCCCGGGACCTCGGGACTACGAGCAGTACTTC	CASTPGPRDYEQYF	TRBV9	TRBJ2-7
95746	2	1.78054117768555e-06	TGTGCCAGCACCTACAGGGTTCGCCGATACGAGCAGTACTTC	CASTYRVRRYEQYF	TRBV9	TRBJ2-7
84046	2	1.78054117768555e-06	TGTGCCAGCAGCAAAAGCGGGGGGCCCTCCTACGAGCAGTACTTC	CASSKSGGPSYEQYF	TRBV9	TRBJ2-7
124643	2	1.78054117768555e-06	TGTGCCAGCAGCAATATACTAGCGGGAGTACGGTACTTC	CASSNILAGVRYF	TRBV9	TRBJ2-7
105943	2	1.78054117768555e-06	TGTGCCAGCAGCACACAATCTATTGCCTACGAGCAGTACTTC	CASSTQSIAYEQYF	TRBV9	TRBJ2-7
136008	2	1.78054117768555e-06	TGTGCCAGCAGCACAGGGTCCTACGAGCAGTACTTC	CASSTGSYEQYF	TRBV9	TRBJ2-7
83737	2	1.78054117768555e-06	TGTGCCAGCAGCACCCCTAGGACAGGGGGCTACGAGCAGTACTTC	CASSTPRTGGYEQYF	TRBV9	TRBJ2-7
83777	2	1.78054117768555e-06	TGTGCCAGCAGCACCGGACTAGCGGGGGCCTACGAGCAGTACTTC	CASSTGLAGAYEQYF	TRBV9	TRBJ2-7
83808	2	1.78054117768555e-06	TGTGCCAGCAGCACGACTAGCGGGGGGGGATACGAGCAGTACTTC	CASSTTSGGGYEQYF	TRBV9	TRBJ2-7
124559	2	1.78054117768555e-06	TGTGCCAGCAGCACGGGACAGGGCTACGAGCAGTACTTC	CASSTGQGYEQYF	TRBV9	TRBJ2-7
124594	2	1.78054117768555e-06	TGTGCCAGCAGCAGTAGCGGGACCTACGAGCAGTACTTC	CASSSSGTYEQYF	TRBV9	TRBJ2-7
124510	2	1.78054117768555e-06	TGTGCCAGCAGCATATCACCAGGGAGCGAGCAGTACTTC	CASSISPGSEQYF	TRBV9	TRBJ2-7
83633	2	1.78054117768555e-06	TGTGCCAGCAGCATTAGCGGGGGGACCTCCTACGAGCAGTACTTC	CASSISGGTSYEQYF	TRBV9	TRBJ2-7
104801	2	1.78054117768555e-06	TGTGCCAGCAGCCAAGCGGGAGTGTCCTACGAGCAGTACTTC	CASSQAGVSYEQYF	TRBV9	TRBJ2-7
62607	2	1.78054117768555e-06	TGTGCCAGCAGCCACCGGCTGGGGGGGTCCCCCTACGAGCAGTACTTC	CASSHRLGGSPYEQYF	TRBV9	TRBJ2-7
81312	2	1.78054117768555e-06	TGTGCCAGCAGCCCACAGGACCTTTCCTATTACGAGCAGTACTTC	CASSPQDLSYYEQYF	TRBV9	TRBJ2-7
81291	2	1.78054117768555e-06	TGTGCCAGCAGCCCACCGGGTAGGGGCTCCTACGAGCAGTACTTC	CASSPPGRGSYEQYF	TRBV9	TRBJ2-7
62278	2	1.78054117768555e-06	TGTGCCAGCAGCCCACGCCCGACTAGCGGGAGCTCCGAGCAGTACTTC	CASSPRPTSGSSEQYF	TRBV9	TRBJ2-7
123234	2	1.78054117768555e-06	TGTGCCAGCAGCCCAGACAGGGAGGACGAGCAGTACTTC	CASSPDREDEQYF	TRBV9	TRBJ2-7
103770	2	1.78054117768555e-06	TGTGCCAGCAGCCCCACCGGCAGCTCCTACGAGCAGTACTTC	CASSPTGSSYEQYF	TRBV9	TRBJ2-7
81042	2	1.78054117768555e-06	TGTGCCAGCAGCCCCAGCGGGGGTACTAACTACGAGCAGTACTTC	CASSPSGGTNYEQYF	TRBV9	TRBJ2-7
103801	2	1.78054117768555e-06	TGTGCCAGCAGCCCCAGGACAGGGGGCTTCGAGCAGTACTTC	CASSPRTGGFEQYF	TRBV9	TRBJ2-7
62108	2	1.78054117768555e-06	TGTGCCAGCAGCCCCAGGATCGCTGGGACAAACTACGAGCAGTACTTC	CASSPRIAGTNYEQYF	TRBV9	TRBJ2-7
103788	2	1.78054117768555e-06	TGTGCCAGCAGCCCCAGTGGGGGAGGGTACGAGCAGTACTTC	CASSPSGGGYEQYF	TRBV9	TRBJ2-7
62015	2	1.78054117768555e-06	TGTGCCAGCAGCCCCCAGCCCGGGACAGGGTCCTACGAGCAGTACTTC	CASSPQPGTGSYEQYF	TRBV9	TRBJ2-7
80863	2	1.78054117768555e-06	TGTGCCAGCAGCCCCCAGGCAACGGTGGCCTACGAGCAGTACTTC	CASSPQATVAYEQYF	TRBV9	TRBJ2-7
103556	2	1.78054117768555e-06	TGTGCCAGCAGCCCCCCTCTAGCCCCGGGGGAGCAGTACTTC	CASSPPLAPGEQYF	TRBV9	TRBJ2-7
62007	2	1.78054117768555e-06	TGTGCCAGCAGCCCCCGAGCTATCCCTGACTCCTACGAGCAGTACTTC	CASSPRAIPDSYEQYF	TRBV9	TRBJ2-7
103609	2	1.78054117768555e-06	TGTGCCAGCAGCCCCCGGACAGGGGTCCACGAGCAGTACTTC	CASSPRTGVHEQYF	TRBV9	TRBJ2-7
103592	2	1.78054117768555e-06	TGTGCCAGCAGCCCCCGGGGGGGGGGCTACGAGCAGTACTTC	CASSPRGGGYEQYF	TRBV9	TRBJ2-7
80802	2	1.78054117768555e-06	TGTGCCAGCAGCCCCCGTTCAAGCGGGGCCTACGAGCAGTACTTC	CASSPRSSGAYEQYF	TRBV9	TRBJ2-7
80767	2	1.78054117768555e-06	TGTGCCAGCAGCCCCCTCGGACAGGGGGTCTACGAGCAGTACTTC	CASSPLGQGVYEQYF	TRBV9	TRBJ2-7
80893	2	1.78054117768555e-06	TGTGCCAGCAGCCCCGCCTCGGGGGACTCCTACGAGCAGTACTTC	CASSPASGDSYEQYF	TRBV9	TRBJ2-7
103725	2	1.78054117768555e-06	TGTGCCAGCAGCCCCGGACATCGAACCTACGAGCAGTACTTC	CASSPGHRTYEQYF	TRBV9	TRBJ2-7
103684	2	1.78054117768555e-06	TGTGCCAGCAGCCCCGGGGGACAGGGCCACGAGCAGTACTTC	CASSPGGQGHEQYF	TRBV9	TRBJ2-7
103656	2	1.78054117768555e-06	TGTGCCAGCAGCCCCGTGGACCCGGGCAACGAGCAGTACTTC	CASSPVDPGNEQYF	TRBV9	TRBJ2-7
61915	2	1.78054117768555e-06	TGTGCCAGCAGCCCCTGGGACATCTCTGGTTGGGTTGAGCAGTACTTC	CASSPWDISGWVEQYF	TRBV9	TRBJ2-7
103504	2	1.78054117768555e-06	TGTGCCAGCAGCCCCTTAGGACAGGGCTACGAGCAGTACTTC	CASSPLGQGYEQYF	TRBV9	TRBJ2-7
123141	2	1.78054117768555e-06	TGTGCCAGCAGCCCGACAGTATCCTACGAGCAGTACTTC	CASSPTVSYEQYF	TRBV9	TRBJ2-7
103955	2	1.78054117768555e-06	TGTGCCAGCAGCCCGATCTCTAGCTCCTACGAGCAGTACTTC	CASSPISSSYEQYF	TRBV9	TRBJ2-7
81104	2	1.78054117768555e-06	TGTGCCAGCAGCCCGCGGACAGGGGAGATCTACGAGCAGTACTTC	CASSPRTGEIYEQYF	TRBV9	TRBJ2-7
62203	2	1.78054117768555e-06	TGTGCCAGCAGCCCGGAGGCGGGGGCGGGAATTTACGAGCAGTACTTC	CASSPEAGAGIYEQYF	TRBV9	TRBJ2-7
103858	2	1.78054117768555e-06	TGTGCCAGCAGCCCGGCCGCACTCTCCTACGAGCAGTACTTC	CASSPAALSYEQYF	TRBV9	TRBJ2-7
103862	2	1.78054117768555e-06	TGTGCCAGCAGCCCGGCGGTTCCTCCCTACGAGCAGTACTTC	CASSPAVPPYEQYF	TRBV9	TRBJ2-7
103474	2	1.78054117768555e-06	TGTGCCAGCAGCCCTACTAGCGGGTTAGAAGTACAGTACTTC	CASSPTSGLEVQYF	TRBV9	TRBJ2-7
80667	2	1.78054117768555e-06	TGTGCCAGCAGCCCTAGCGGGGTAGTTTCCTACGAGCAGTACTTC	CASSPSGVVSYEQYF	TRBV9	TRBJ2-7
103418	2	1.78054117768555e-06	TGTGCCAGCAGCCCTCGACAGGGAGCCTACGAGCAGTACTTC	CASSPRQGAYEQYF	TRBV9	TRBJ2-7
122811	2	1.78054117768555e-06	TGTGCCAGCAGCCCTCGGGGCCCGTACGAGCAGTACTTC	CASSPRGPYEQYF	TRBV9	TRBJ2-7
80602	2	1.78054117768555e-06	TGTGCCAGCAGCCCTCGGGTTGGGGTCTCCTACGAGCAGTACTTC	CASSPRVGVSYEQYF	TRBV9	TRBJ2-7
103456	2	1.78054117768555e-06	TGTGCCAGCAGCCCTGGACAGACGCCCTACGAGCAGTACTTC	CASSPGQTPYEQYF	TRBV9	TRBJ2-7
103436	2	1.78054117768555e-06	TGTGCCAGCAGCCCTGGCGGGACCTCCTACGAGCAGTACTTC	CASSPGGTSYEQYF	TRBV9	TRBJ2-7
104226	2	1.78054117768555e-06	TGTGCCAGCAGCCGCAGCAGGGTGGACTACGAGCAGTACTTC	CASSRSRVDYEQYF	TRBV9	TRBJ2-7
81515	2	1.78054117768555e-06	TGTGCCAGCAGCCGCGATGCTAGCGGCGCCTACGAGCAGTACTTC	CASSRDASGAYEQYF	TRBV9	TRBJ2-7
104207	2	1.78054117768555e-06	TGTGCCAGCAGCCGCGGGGGGGAGACCTACGAGCAGTACTTC	CASSRGGETYEQYF	TRBV9	TRBJ2-7
43530	2	1.78054117768555e-06	TGTGCCAGCAGCCGTACTTCGACTAGCGGGGGGAGAATCAGCTCCTACGAGCAGTACTTC	CASSRTSTSGGRISSYEQYF	TRBV9	TRBJ2-7
81437	2	1.78054117768555e-06	TGTGCCAGCAGCCGTGATAGCGGGGGGGCATATGAGCAGTACTTC	CASSRDSGGAYEQYF	TRBV9	TRBJ2-7
135069	2	1.78054117768555e-06	TGTGCCAGCAGCCTACGGGGGGGTGAGCAGTACTTC	CASSLRGGEQYF	TRBV9	TRBJ2-7
61661	2	1.78054117768555e-06	TGTGCCAGCAGCCTCAGGCCGGGACTCCACTCCTACGAGCAGTACTTC	CASSLRPGLHSYEQYF	TRBV9	TRBJ2-7
80342	2	1.78054117768555e-06	TGTGCCAGCAGCCTCGGGACAGCCAGCTCCTACGAGCAGTACTTC	CASSLGTASSYEQYF	TRBV9	TRBJ2-7
122566	2	1.78054117768555e-06	TGTGCCAGCAGCCTTGGCACAGGCAACGAGCAGTACTTC	CASSLGTGNEQYF	TRBV9	TRBJ2-7
83618	2	1.78054117768555e-06	TGTGCCAGCAGCGAAAAGACAGGGATCCTTTACGAGCAGTACTTC	CASSEKTGILYEQYF	TRBV9	TRBJ2-7
83589	2	1.78054117768555e-06	TGTGCCAGCAGCGAACGGGGGGAACCATACTACGAGCAGTACTTC	CASSERGEPYYEQYF	TRBV9	TRBJ2-7
105749	2	1.78054117768555e-06	TGTGCCAGCAGCGAACTAGCGGGAGCTCGCGAGCAGTACTTC	CASSELAGAREQYF	TRBV9	TRBJ2-7
135931	2	1.78054117768555e-06	TGTGCCAGCAGCGAAGGCGGGGGCGAGCAGTACTTC	CASSEGGGEQYF	TRBV9	TRBJ2-7
52174	2	1.78054117768555e-06	TGTGCCAGCAGCGAATCCGGGGGATCGGGCCCGGCGTACGAGCAGTACTTC	CASSESGGSGPAYEQYF	TRBV9	TRBJ2-7
124436	2	1.78054117768555e-06	TGTGCCAGCAGCGAGCATCGGACGGGCGAGCAGTACTTC	CASSEHRTGEQYF	TRBV9	TRBJ2-7
124443	2	1.78054117768555e-06	TGTGCCAGCAGCGAGGGAGGGCCGGGCGAGCAGTACTTC	CASSEGGPGEQYF	TRBV9	TRBJ2-7
105720	2	1.78054117768555e-06	TGTGCCAGCAGCGAGGGGGCAGGCTCCTACGAGCAGTACTTC	CASSEGAGSYEQYF	TRBV9	TRBJ2-7
105722	2	1.78054117768555e-06	TGTGCCAGCAGCGAGGGGGGTACAGACTACGAGCAGTACTTC	CASSEGGTDYEQYF	TRBV9	TRBJ2-7
105712	2	1.78054117768555e-06	TGTGCCAGCAGCGAGTTTGACCAGGACGGCGAGCAGTACTTC	CASSEFDQDGEQYF	TRBV9	TRBJ2-7
105665	2	1.78054117768555e-06	TGTGCCAGCAGCGATTGGACAGATCCCTACGAGCAGTACTTC	CASSDWTDPYEQYF	TRBV9	TRBJ2-7
83344	2	1.78054117768555e-06	TGTGCCAGCAGCGCAACCCTGCTACAGGGGGACGAGCAGTACTTC	CASSATLLQGDEQYF	TRBV9	TRBJ2-7
83331	2	1.78054117768555e-06	TGTGCCAGCAGCGCACAACAGGGGAGCTCCTACGAGCAGTACTTC	CASSAQQGSSYEQYF	TRBV9	TRBJ2-7
63572	2	1.78054117768555e-06	TGTGCCAGCAGCGCAGAACAGAGAACCGGATCGCTCGAGCAGTACTTC	CASSAEQRTGSLEQYF	TRBV9	TRBJ2-7
52111	2	1.78054117768555e-06	TGTGCCAGCAGCGCAGCCCCACTCCGGGACACCGGTTACGAGCAGTACTTC	CASSAAPLRDTGYEQYF	TRBV9	TRBJ2-7
63569	2	1.78054117768555e-06	TGTGCCAGCAGCGCAGGACTAGCGGGGGGGTACTACGAGCAGTACTTC	CASSAGLAGGYYEQYF	TRBV9	TRBJ2-7
141407	2	1.78054117768555e-06	TGTGCCAGCAGCGCAGGGGTCGAGCAGTACTTC	CASSAGVEQYF	TRBV9	TRBJ2-7
47828	2	1.78054117768555e-06	TGTGCCAGCAGCGCATAAGACAGGCCATACCTTTTAATACGAGCAGTACTTC	CASSA*DRP_TF*YEQYF	TRBV9	TRBJ2-7
105532	2	1.78054117768555e-06	TGTGCCAGCAGCGCATACCGGGACAACTACGAGCAGTACTTC	CASSAYRDNYEQYF	TRBV9	TRBJ2-7
124267	2	1.78054117768555e-06	TGTGCCAGCAGCGCATCCTCTAGCGGGAGAAAGTACTTC	CASSASSSGRKYF	TRBV9	TRBJ2-7
124215	2	1.78054117768555e-06	TGTGCCAGCAGCGCCCCCCCGGGCGTTGAGCAGTACTTC	CASSAPPGVEQYF	TRBV9	TRBJ2-7
63511	2	1.78054117768555e-06	TGTGCCAGCAGCGCCCGGGACAGGTCGACCTCCTACGAGCAGTACTTC	CASSARDRSTSYEQYF	TRBV9	TRBJ2-7
83205	2	1.78054117768555e-06	TGTGCCAGCAGCGCCCTAGACAGGGGGCTCTACGAGCAGTACTTC	CASSALDRGLYEQYF	TRBV9	TRBJ2-7
105472	2	1.78054117768555e-06	TGTGCCAGCAGCGCCCTGGGGGGGGGGAACGAGCAGTACTTC	CASSALGGGNEQYF	TRBV9	TRBJ2-7
105471	2	1.78054117768555e-06	TGTGCCAGCAGCGCCCTTGGGGGGACCTACGAGCAGTACTTC	CASSALGGTYEQYF	TRBV9	TRBJ2-7
83255	2	1.78054117768555e-06	TGTGCCAGCAGCGCCGAGGGGCGATCCTCCTACGAGCAGTACTTC	CASSAEGRSSYEQYF	TRBV9	TRBJ2-7
105495	2	1.78054117768555e-06	TGTGCCAGCAGCGCCGAGTTGCAGGGCTACGAGCAGTACTTC	CASSAELQGYEQYF	TRBV9	TRBJ2-7
105488	2	1.78054117768555e-06	TGTGCCAGCAGCGCCGGGACAGGCTCCTACGAGCAGTACTTC	CASSAGTGSYEQYF	TRBV9	TRBJ2-7
105489	2	1.78054117768555e-06	TGTGCCAGCAGCGCCGGGACAGGGCTACGGGAGCAGTACTTC	CASSAGTGLREQYF	TRBV9	TRBJ2-7
105490	2	1.78054117768555e-06	TGTGCCAGCAGCGCCGGGACAGGGGGCTACGAGCAGTACTTC	CASSAGTGGYEQYF	TRBV9	TRBJ2-7
135816	2	1.78054117768555e-06	TGTGCCAGCAGCGCCGGGACGGTTGGTCCGTACTTC	CASSAGTVGPYF	TRBV9	TRBJ2-7
83193	2	1.78054117768555e-06	TGTGCCAGCAGCGCCTCCGGGACTAGCGGCTACGAGCAGTACTTC	CASSASGTSGYEQYF	TRBV9	TRBJ2-7
135831	2	1.78054117768555e-06	TGTGCCAGCAGCGCGACACAATACGAGCAGTACTTC	CASSATQYEQYF	TRBV9	TRBJ2-7
83313	2	1.78054117768555e-06	TGTGCCAGCAGCGCGACGGACAGGGGCCCCTACGAGCAGTACTTC	CASSATDRGPYEQYF	TRBV9	TRBJ2-7
105523	2	1.78054117768555e-06	TGTGCCAGCAGCGCGATGGACACAGCCTACGAGCAGTACTTC	CASSAMDTAYEQYF	TRBV9	TRBJ2-7
105519	2	1.78054117768555e-06	TGTGCCAGCAGCGCGGACGGGAGCTCCTACGAGCAGTACTTC	CASSADGSSYEQYF	TRBV9	TRBJ2-7
63545	2	1.78054117768555e-06	TGTGCCAGCAGCGCGGACTCCGGGACAGGGGCCTACGAGCAGTACTTC	CASSADSGTGAYEQYF	TRBV9	TRBJ2-7
83297	2	1.78054117768555e-06	TGTGCCAGCAGCGCGGACTCTAGCGGGGCCTACGAGCAGTACTTC	CASSADSSGAYEQYF	TRBV9	TRBJ2-7
83271	2	1.78054117768555e-06	TGTGCCAGCAGCGCGTTCCGGGACCCTTCCTACGAGCAGTACTTC	CASSAFRDPSYEQYF	TRBV9	TRBJ2-7
135800	2	1.78054117768555e-06	TGTGCCAGCAGCGCTGCGGGGGGAAAGCAGTACTTC	CASSAAGGKQYF	TRBV9	TRBJ2-7
105463	2	1.78054117768555e-06	TGTGCCAGCAGCGCTGGGACAGGGGGGTACGAGCAGTACTTC	CASSAGTGGYEQYF	TRBV9	TRBJ2-7
105462	2	1.78054117768555e-06	TGTGCCAGCAGCGCTGGGACTAGCGGCTACGAGCAGTACTTC	CASSAGTSGYEQYF	TRBV9	TRBJ2-7
63485	2	1.78054117768555e-06	TGTGCCAGCAGCGCTTCCGCGGGGACTAGCGCAGGCCAGCAGTACTTC	CASSASAGTSAGQQYF	TRBV9	TRBJ2-7
139504	2	1.78054117768555e-06	TGTGCCAGCAGCGCTTTGTTACGAGCAGTACTTC	CASSAL_YEQYF	TRBV9	TRBJ2-7
105660	2	1.78054117768555e-06	TGTGCCAGCAGCGGAAAGACAGGCACCTACGAGCAGTACTTC	CASSGKTGTYEQYF	TRBV9	TRBJ2-7
105659	2	1.78054117768555e-06	TGTGCCAGCAGCGGAAAGGACTCGTCTTACGAGCAGTACTTC	CASSGKDSSYEQYF	TRBV9	TRBJ2-7
135890	2	1.78054117768555e-06	TGTGCCAGCAGCGGAAGCTCCTACGAGCAGTACTTC	CASSGSSYEQYF	TRBV9	TRBJ2-7
135881	2	1.78054117768555e-06	TGTGCCAGCAGCGGACAGTCCTACGAGCAGTACTTC	CASSGQSYEQYF	TRBV9	TRBJ2-7
83438	2	1.78054117768555e-06	TGTGCCAGCAGCGGACCTGGGGGCAACTCCTACGAGCAGTACTTC	CASSGPGGNSYEQYF	TRBV9	TRBJ2-7
83442	2	1.78054117768555e-06	TGTGCCAGCAGCGGACGGGACAGCTTAACCTACGAGCAGTACTTC	CASSGRDSLTYEQYF	TRBV9	TRBJ2-7
63639	2	1.78054117768555e-06	TGTGCCAGCAGCGGAGCCGGACAAGGACCCCCCTACGAGCAGTACTTC	CASSGAGQGPPYEQYF	TRBV9	TRBJ2-7
141424	2	1.78054117768555e-06	TGTGCCAGCAGCGGAGCGAGGGATCTGTACTTC	CASSGARDLYF	TRBV9	TRBJ2-7
141425	2	1.78054117768555e-06	TGTGCCAGCAGCGGAGGCGCCGAGCAGTACTTC	CASSGGAEQYF	TRBV9	TRBJ2-7
105648	2	1.78054117768555e-06	TGTGCCAGCAGCGGAGGGGCATACTCCTACGAGCAGTACTTC	CASSGGAYSYEQYF	TRBV9	TRBJ2-7
63624	2	1.78054117768555e-06	TGTGCCAGCAGCGGATCTACTAGCGGTGACTCCTACGAGCAGTACTTC	CASSGSTSGDSYEQYF	TRBV9	TRBJ2-7
105552	2	1.78054117768555e-06	TGTGCCAGCAGCGGCCGGGACACGAGCTACGAGCAGTACTTC	CASSGRDTSYEQYF	TRBV9	TRBJ2-7
124302	2	1.78054117768555e-06	TGTGCCAGCAGCGGCGGGACTTCCTACGAGCAGTACTTC	CASSGGTSYEQYF	TRBV9	TRBJ2-7
83379	2	1.78054117768555e-06	TGTGCCAGCAGCGGCGGGAGGGAGGACGGCTACGAGCAGTACTTC	CASSGGREDGYEQYF	TRBV9	TRBJ2-7
124301	2	1.78054117768555e-06	TGTGCCAGCAGCGGCGGGGGGACACGCGAGCAGTACTTC	CASSGGGTREQYF	TRBV9	TRBJ2-7
124344	2	1.78054117768555e-06	TGTGCCAGCAGCGGGACAGCCTGGGGCGAGCAGTACTTC	CASSGTAWGEQYF	TRBV9	TRBJ2-7
105581	2	1.78054117768555e-06	TGTGCCAGCAGCGGGGCAGGGACTTTATACGAGCAGTACTTC	CASSGAGTLYEQYF	TRBV9	TRBJ2-7
83409	2	1.78054117768555e-06	TGTGCCAGCAGCGGGGGACAGGAGATCCACTACGAGCAGTACTTC	CASSGGQEIHYEQYF	TRBV9	TRBJ2-7
105587	2	1.78054117768555e-06	TGTGCCAGCAGCGGGGGGGACGTCTCCTACGAGCAGTACTTC	CASSGGDVSYEQYF	TRBV9	TRBJ2-7
105586	2	1.78054117768555e-06	TGTGCCAGCAGCGGGGGGGCGCAAAGCTACGAGCAGTACTTC	CASSGGAQSYEQYF	TRBV9	TRBJ2-7
83391	2	1.78054117768555e-06	TGTGCCAGCAGCGGGTTGGGAGGGGTAAGCGCCGAGCAGTACTTC	CASSGLGGVSAEQYF	TRBV9	TRBJ2-7
141409	2	1.78054117768555e-06	TGTGCCAGCAGCGGTACCTACGAGCAGTACTTC	CASSGTYEQYF	TRBV9	TRBJ2-7
83364	2	1.78054117768555e-06	TGTGCCAGCAGCGGTAGAGCTGGACAGTCCTACGAGCAGTACTTC	CASSGRAGQSYEQYF	TRBV9	TRBJ2-7
83362	2	1.78054117768555e-06	TGTGCCAGCAGCGGTAGCGGGGGGTCCCCCCACGAGCAGTACTTC	CASSGSGGSPHEQYF	TRBV9	TRBJ2-7
44501	2	1.78054117768555e-06	TGTGCCAGCAGCGTAAATCCCGAGAGAACAGGGGATAGGTCCTACGAGCAGTACTTC	CASSVNPERTGDRSYEQYF	TRBV9	TRBJ2-7
83146	2	1.78054117768555e-06	TGTGCCAGCAGCGTAACGACGGGTACGGTAAGCGAGCAGTACTTC	CASSVTTGTVSEQYF	TRBV9	TRBJ2-7
83145	2	1.78054117768555e-06	TGTGCCAGCAGCGTAACGGGTCGGGAGAGGGGCGAGCAGTACTTC	CASSVTGRERGEQYF	TRBV9	TRBJ2-7
105437	2	1.78054117768555e-06	TGTGCCAGCAGCGTAACTTCGACAGGGGACGAGCAGTACTTC	CASSVTSTGDEQYF	TRBV9	TRBJ2-7
124196	2	1.78054117768555e-06	TGTGCCAGCAGCGTAAGCAGTGGATACGAGCAGTACTTC	CASSVSSGYEQYF	TRBV9	TRBJ2-7
83154	2	1.78054117768555e-06	TGTGCCAGCAGCGTAAGCGGACTAGCGGGGTACGAGCAGTACTTC	CASSVSGLAGYEQYF	TRBV9	TRBJ2-7
105442	2	1.78054117768555e-06	TGTGCCAGCAGCGTAAGTCCAAACTCCTACGAGCAGTACTTC	CASSVSPNSYEQYF	TRBV9	TRBJ2-7
124188	2	1.78054117768555e-06	TGTGCCAGCAGCGTAATCGGCGGGGCCGAGCAGTACTTC	CASSVIGGAEQYF	TRBV9	TRBJ2-7
124189	2	1.78054117768555e-06	TGTGCCAGCAGCGTAATGAGGGGTTCCGAGCAGTACTTC	CASSVMRGSEQYF	TRBV9	TRBJ2-7
63371	2	1.78054117768555e-06	TGTGCCAGCAGCGTACAACAGGGGGCGCGTTTTCGCGAGCAGTACTTC	CASSVQQGARFREQYF	TRBV9	TRBJ2-7
105280	2	1.78054117768555e-06	TGTGCCAGCAGCGTACAGGAATACTCCTACGAGCAGTACTTC	CASSVQEYSYEQYF	TRBV9	TRBJ2-7
82934	2	1.78054117768555e-06	TGTGCCAGCAGCGTACAGGGGACTAGCTCCTACGAGCAGTACTTC	CASSVQGTSSYEQYF	TRBV9	TRBJ2-7
82924	2	1.78054117768555e-06	TGTGCCAGCAGCGTACTGGACGGGAGCTCCTACGAGCAGTACTTC	CASSVLDGSSYEQYF	TRBV9	TRBJ2-7
52061	2	1.78054117768555e-06	TGTGCCAGCAGCGTAGAAGATCCGGGACAGGGGATGTACGAGCAGTACTTC	CASSVEDPGQGMYEQYF	TRBV9	TRBJ2-7
63466	2	1.78054117768555e-06	TGTGCCAGCAGCGTAGAAGCTGGGGCGGATTTCTTGGAGCAGTACTTC	CASSVEAGADFLEQYF	TRBV9	TRBJ2-7
83134	2	1.78054117768555e-06	TGTGCCAGCAGCGTAGAAGGGGTAGCGGCCTACGAGCAGTACTTC	CASSVEGVAAYEQYF	TRBV9	TRBJ2-7
63455	2	1.78054117768555e-06	TGTGCCAGCAGCGTAGACCCTACAGGGAAATCCTACGAGCAGTACTTC	CASSVDPTGKSYEQYF	TRBV9	TRBJ2-7
63458	2	1.78054117768555e-06	TGTGCCAGCAGCGTAGACGGGGACAAGAGCTCCTACGAGCAGTACTTC	CASSVDGDKSSYEQYF	TRBV9	TRBJ2-7
83104	2	1.78054117768555e-06	TGTGCCAGCAGCGTAGAGCCTACCCCCTCCTACGAGCAGTACTTC	CASSVEPTPSYEQYF	TRBV9	TRBJ2-7
105426	2	1.78054117768555e-06	TGTGCCAGCAGCGTAGAGGATTCCACCTACGAGCAGTACTTC	CASSVEDSTYEQYF	TRBV9	TRBJ2-7
83112	2	1.78054117768555e-06	TGTGCCAGCAGCGTAGAGGGACAGGGCTCCTACGAGCAGTACTTC	CASSVEGQGSYEQYF	TRBV9	TRBJ2-7
124182	2	1.78054117768555e-06	TGTGCCAGCAGCGTAGAGGGCTTGCGCGAGCAGTACTTC	CASSVEGLREQYF	TRBV9	TRBJ2-7
105425	2	1.78054117768555e-06	TGTGCCAGCAGCGTAGAGGGGAACTCCTACGAGCAGTACTTC	CASSVEGNSYEQYF	TRBV9	TRBJ2-7
83093	2	1.78054117768555e-06	TGTGCCAGCAGCGTAGATAGCGGGATTACCTACGAGCAGTACTTC	CASSVDSGITYEQYF	TRBV9	TRBJ2-7
52049	2	1.78054117768555e-06	TGTGCCAGCAGCGTAGATCCTGGGGGCGCCTCCTTGGGTGAGCAGTACTTC	CASSVDPGGASLGEQYF	TRBV9	TRBJ2-7
83078	2	1.78054117768555e-06	TGTGCCAGCAGCGTAGATCTGGGGTCGTTTTACGAGCAGTACTTC	CASSVDLGSFYEQYF	TRBV9	TRBJ2-7
83083	2	1.78054117768555e-06	TGTGCCAGCAGCGTAGATGCAGGGGGCGCCTACGAGCAGTACTTC	CASSVDAGGAYEQYF	TRBV9	TRBJ2-7
63452	2	1.78054117768555e-06	TGTGCCAGCAGCGTAGATGGAGGGGGATCGAGCAGCGAGCAGTACTTC	CASSVDGGGSSSEQYF	TRBV9	TRBJ2-7
63451	2	1.78054117768555e-06	TGTGCCAGCAGCGTAGATGGGGCAGGGGGAGCCTACGAGCAGTACTTC	CASSVDGAGGAYEQYF	TRBV9	TRBJ2-7
83075	2	1.78054117768555e-06	TGTGCCAGCAGCGTAGATTCCCGAGGCAACTACGAGCAGTACTTC	CASSVDSRGNYEQYF	TRBV9	TRBJ2-7
105399	2	1.78054117768555e-06	TGTGCCAGCAGCGTAGATTCGGGATTCTACGAGCAGTACTTC	CASSVDSGFYEQYF	TRBV9	TRBJ2-7
82993	2	1.78054117768555e-06	TGTGCCAGCAGCGTAGCACTAGCGGGGCAGAGCGAGCAGTACTTC	CASSVALAGQSEQYF	TRBV9	TRBJ2-7
82996	2	1.78054117768555e-06	TGTGCCAGCAGCGTAGCAGCGGGCAGCTCCTACGAGCAGTACTTC	CASSVAAGSSYEQYF	TRBV9	TRBJ2-7
105337	2	1.78054117768555e-06	TGTGCCAGCAGCGTAGCAGCTCCCTCCTACGAGCAGTACTTC	CASSVAAPSYEQYF	TRBV9	TRBJ2-7
105336	2	1.78054117768555e-06	TGTGCCAGCAGCGTAGCAGCTTTAGGAAACGAGCAGTACTTC	CASSVAALGNEQYF	TRBV9	TRBJ2-7
83004	2	1.78054117768555e-06	TGTGCCAGCAGCGTAGCAGGGAACCCAACCTACGAGCAGTACTTC	CASSVAGNPTYEQYF	TRBV9	TRBJ2-7
105339	2	1.78054117768555e-06	TGTGCCAGCAGCGTAGCAGGGGGCCCCTACGAGCAGTACTTC	CASSVAGGPYEQYF	TRBV9	TRBJ2-7
82998	2	1.78054117768555e-06	TGTGCCAGCAGCGTAGCAGGGGGTGAGATCTACGAGCAGTACTTC	CASSVAGGEIYEQYF	TRBV9	TRBJ2-7
105338	2	1.78054117768555e-06	TGTGCCAGCAGCGTAGCAGGTAAATCCTACGAGCAGTACTTC	CASSVAGKSYEQYF	TRBV9	TRBJ2-7
82992	2	1.78054117768555e-06	TGTGCCAGCAGCGTAGCATGGGAACTTACCTACGAGCAGTACTTC	CASSVAWELTYEQYF	TRBV9	TRBJ2-7
105320	2	1.78054117768555e-06	TGTGCCAGCAGCGTAGCCAGGAACTCCTACGAGCAGTACTTC	CASSVARNSYEQYF	TRBV9	TRBJ2-7
63396	2	1.78054117768555e-06	TGTGCCAGCAGCGTAGCCCACTCGGTCGGCTCCTACGAGCAGTACTTC	CASSVAHSVGSYEQYF	TRBV9	TRBJ2-7
82967	2	1.78054117768555e-06	TGTGCCAGCAGCGTAGCCCTGGGGGGGGCCTACGAGCAGTACTTC	CASSVALGGAYEQYF	TRBV9	TRBJ2-7
105318	2	1.78054117768555e-06	TGTGCCAGCAGCGTAGCCGGACACTCCTACGAGCAGTACTTC	CASSVAGHSYEQYF	TRBV9	TRBJ2-7
105317	2	1.78054117768555e-06	TGTGCCAGCAGCGTAGCCGGGAGGGGCTACGAGCAGTACTTC	CASSVAGRGYEQYF	TRBV9	TRBJ2-7
124135	2	1.78054117768555e-06	TGTGCCAGCAGCGTAGCGACAGGGGGCGAGCAGTACTTC	CASSVATGGEQYF	TRBV9	TRBJ2-7
82975	2	1.78054117768555e-06	TGTGCCAGCAGCGTAGCGCCGGACTCAGACTACGAGCAGTACTTC	CASSVAPDSDYEQYF	TRBV9	TRBJ2-7
105322	2	1.78054117768555e-06	TGTGCCAGCAGCGTAGCGGCGAAAGAAACCGAGCAGTACTTC	CASSVAAKETEQYF	TRBV9	TRBJ2-7
105330	2	1.78054117768555e-06	TGTGCCAGCAGCGTAGCGGGACAGCCCTACGAGCAGTACTTC	CASSVAGQPYEQYF	TRBV9	TRBJ2-7
105328	2	1.78054117768555e-06	TGTGCCAGCAGCGTAGCGGGGACCTCCTACGAGCAGTACTTC	CASSVAGTSYEQYF	TRBV9	TRBJ2-7
124132	2	1.78054117768555e-06	TGTGCCAGCAGCGTAGCGGGGGGCTACGAGCAGTACTTC	CASSVAGGYEQYF	TRBV9	TRBJ2-7
105324	2	1.78054117768555e-06	TGTGCCAGCAGCGTAGCGGGTTCCTCCTACGAGCAGTACTTC	CASSVAGSSYEQYF	TRBV9	TRBJ2-7
124131	2	1.78054117768555e-06	TGTGCCAGCAGCGTAGCGTGGGGGCGCGAGCAGTACTTC	CASSVAWGREQYF	TRBV9	TRBJ2-7
54321	2	1.78054117768555e-06	TGTGCCAGCAGCGTAGCTACCGACAGGGGGACGTCTACGAGCAGTACTTC	CASSVATD_GDVYEQYF	TRBV9	TRBJ2-7
105309	2	1.78054117768555e-06	TGTGCCAGCAGCGTAGCTACCGGAGGGTACGAGCAGTACTTC	CASSVATGGYEQYF	TRBV9	TRBJ2-7
52026	2	1.78054117768555e-06	TGTGCCAGCAGCGTAGCTACGGGGACAGGGGGTATTGCCGAGCAGTACTTC	CASSVATGTGGIAEQYF	TRBV9	TRBJ2-7
82966	2	1.78054117768555e-06	TGTGCCAGCAGCGTAGCTAGCGGGGGGGCCTTCGAGCAGTACTTC	CASSVASGGAFEQYF	TRBV9	TRBJ2-7
82955	2	1.78054117768555e-06	TGTGCCAGCAGCGTAGCTCCGGGGGGCGCCTACGAGCAGTACTTC	CASSVAPGGAYEQYF	TRBV9	TRBJ2-7
124127	2	1.78054117768555e-06	TGTGCCAGCAGCGTAGCTGAGGGAAACGAGCAGTACTTC	CASSVAEGNEQYF	TRBV9	TRBJ2-7
82958	2	1.78054117768555e-06	TGTGCCAGCAGCGTAGCTGCTAGCGGTTCCTACGAGCAGTACTTC	CASSVAASGSYEQYF	TRBV9	TRBJ2-7
105308	2	1.78054117768555e-06	TGTGCCAGCAGCGTAGCTGGGGCTGGGTACGAGCAGTACTTC	CASSVAGAGYEQYF	TRBV9	TRBJ2-7
105306	2	1.78054117768555e-06	TGTGCCAGCAGCGTAGCTGGTAGCTCCTACGAGCAGTACTTC	CASSVAGSSYEQYF	TRBV9	TRBJ2-7
105304	2	1.78054117768555e-06	TGTGCCAGCAGCGTAGCTGGTTCTTCCTACGAGCAGTACTTC	CASSVAGSSYEQYF	TRBV9	TRBJ2-7
82950	2	1.78054117768555e-06	TGTGCCAGCAGCGTAGCTTTGGGACAGGGTCACGAGCAGTACTTC	CASSVALGQGHEQYF	TRBV9	TRBJ2-7
83061	2	1.78054117768555e-06	TGTGCCAGCAGCGTAGGACAGGGATCGACCTACGAGCAGTACTTC	CASSVGQGSTYEQYF	TRBV9	TRBJ2-7
52042	2	1.78054117768555e-06	TGTGCCAGCAGCGTAGGACTAGCCGGACCCGACGGCTACGAGCAGTACTTC	CASSVGLAGPDGYEQYF	TRBV9	TRBJ2-7
83056	2	1.78054117768555e-06	TGTGCCAGCAGCGTAGGACTAGCGGGGGGAGTAGAGCAGTACTTC	CASSVGLAGGVEQYF	TRBV9	TRBJ2-7
124159	2	1.78054117768555e-06	TGTGCCAGCAGCGTAGGACTGTCCTACGAGCAGTACTTC	CASSVGLSYEQYF	TRBV9	TRBJ2-7
83065	2	1.78054117768555e-06	TGTGCCAGCAGCGTAGGAGCGGGGGGTTCCTACGAGCAGTACTTC	CASSVGAGGSYEQYF	TRBV9	TRBJ2-7
83071	2	1.78054117768555e-06	TGTGCCAGCAGCGTAGGAGGGACAGGGGCCTACGAGCAGTACTTC	CASSVGGTGAYEQYF	TRBV9	TRBJ2-7
105395	2	1.78054117768555e-06	TGTGCCAGCAGCGTAGGAGGGAGCTCCTACGAGCAGTACTTC	CASSVGGSSYEQYF	TRBV9	TRBJ2-7
105390	2	1.78054117768555e-06	TGTGCCAGCAGCGTAGGAGGGGTCGGCTACGAGCAGTACTTC	CASSVGGVGYEQYF	TRBV9	TRBJ2-7
105356	2	1.78054117768555e-06	TGTGCCAGCAGCGTAGGCAGCGGGGTATACGAGCAGTACTTC	CASSVGSGVYEQYF	TRBV9	TRBJ2-7
105355	2	1.78054117768555e-06	TGTGCCAGCAGCGTAGGCATAGCAGCCTACGAGCAGTACTTC	CASSVGIAAYEQYF	TRBV9	TRBJ2-7
63412	2	1.78054117768555e-06	TGTGCCAGCAGCGTAGGCCTAGCGGGAGCACCCTACGAGCAGTACTTC	CASSVGLAGAPYEQYF	TRBV9	TRBJ2-7
83020	2	1.78054117768555e-06	TGTGCCAGCAGCGTAGGCGGACGGACCTCTGAAGAGCAGTACTTC	CASSVGGRTSEEQYF	TRBV9	TRBJ2-7
105350	2	1.78054117768555e-06	TGTGCCAGCAGCGTAGGCTCCAGGTTTTACGAGCAGTACTTC	CASSVGSRFYEQYF	TRBV9	TRBJ2-7
105349	2	1.78054117768555e-06	TGTGCCAGCAGCGTAGGCTTTGGGAGTTACGAGCAGTACTTC	CASSVGFGSYEQYF	TRBV9	TRBJ2-7
124158	2	1.78054117768555e-06	TGTGCCAGCAGCGTAGGGACAGCCTACGAGCAGTACTTC	CASSVGTAYEQYF	TRBV9	TRBJ2-7
105381	2	1.78054117768555e-06	TGTGCCAGCAGCGTAGGGACAGGGGGCTACGAGCAGTACTTC	CASSVGTGGYEQYF	TRBV9	TRBJ2-7
63441	2	1.78054117768555e-06	TGTGCCAGCAGCGTAGGGACCCGACAGGGCCGTTACGAGCAGTACTTC	CASSVGTRQGRYEQYF	TRBV9	TRBJ2-7
105363	2	1.78054117768555e-06	TGTGCCAGCAGCGTAGGGCAGGGGTTCTACGAGCAGTACTTC	CASSVGQGFYEQYF	TRBV9	TRBJ2-7
124148	2	1.78054117768555e-06	TGTGCCAGCAGCGTAGGGCCTAGCGGTATACAGTACTTC	CASSVGPSGIQYF	TRBV9	TRBJ2-7
105360	2	1.78054117768555e-06	TGTGCCAGCAGCGTAGGGCTCAGGGCCTACGAGCAGTACTTC	CASSVGLRAYEQYF	TRBV9	TRBJ2-7
105378	2	1.78054117768555e-06	TGTGCCAGCAGCGTAGGGGACAGGAACTACGAGCAGTACTTC	CASSVGDRNYEQYF	TRBV9	TRBJ2-7
63437	2	1.78054117768555e-06	TGTGCCAGCAGCGTAGGGGACCCCCGAGCTGGATACGAGCAGTACTTC	CASSVGDPRAGYEQYF	TRBV9	TRBJ2-7
105376	2	1.78054117768555e-06	TGTGCCAGCAGCGTAGGGGATGGGTTGGATGAGCAGTACTTC	CASSVGDGLDEQYF	TRBV9	TRBJ2-7
105366	2	1.78054117768555e-06	TGTGCCAGCAGCGTAGGGGCGCAGGATAACGAGCAGTACTTC	CASSVGAQDNEQYF	TRBV9	TRBJ2-7
83032	2	1.78054117768555e-06	TGTGCCAGCAGCGTAGGGGCTAGCGATTTCTACGAGCAGTACTTC	CASSVGASDFYEQYF	TRBV9	TRBJ2-7
83043	2	1.78054117768555e-06	TGTGCCAGCAGCGTAGGGGGACAGGGGCTCTACGAGCAGTACTTC	CASSVGGQGLYEQYF	TRBV9	TRBJ2-7
105367	2	1.78054117768555e-06	TGTGCCAGCAGCGTAGGGGGCAGAGCCTACGAGCAGTACTTC	CASSVGGRAYEQYF	TRBV9	TRBJ2-7
141385	2	1.78054117768555e-06	TGTGCCAGCAGCGTAGGGGGCGAGCAGTACTTC	CASSVGGEQYF	TRBV9	TRBJ2-7
83037	2	1.78054117768555e-06	TGTGCCAGCAGCGTAGGGGGCGGGCTCGGATACGAGCAGTACTTC	CASSVGGGLGYEQYF	TRBV9	TRBJ2-7
124153	2	1.78054117768555e-06	TGTGCCAGCAGCGTAGGGGGGAACTACGAGCAGTACTTC	CASSVGGNYEQYF	TRBV9	TRBJ2-7
105374	2	1.78054117768555e-06	TGTGCCAGCAGCGTAGGGGGGAGCTCCTACGAGCAGTACTTC	CASSVGGSSYEQYF	TRBV9	TRBJ2-7
105370	2	1.78054117768555e-06	TGTGCCAGCAGCGTAGGGGGGGGCACCTACGAGCAGTACTTC	CASSVGGGTYEQYF	TRBV9	TRBJ2-7
105372	2	1.78054117768555e-06	TGTGCCAGCAGCGTAGGGGGGGGGCCCTACGAGCAGTACTTC	CASSVGGGPYEQYF	TRBV9	TRBJ2-7
63423	2	1.78054117768555e-06	TGTGCCAGCAGCGTAGGGTCCGGTGGCAGTCCCTACGAGCAGTACTTC	CASSVGSGGSPYEQYF	TRBV9	TRBJ2-7
105358	2	1.78054117768555e-06	TGTGCCAGCAGCGTAGGGTCGGGAGCTTACGAGCAGTACTTC	CASSVGSGAYEQYF	TRBV9	TRBJ2-7
83026	2	1.78054117768555e-06	TGTGCCAGCAGCGTAGGGTTAGGGCAGAGCTACGAGCAGTACTTC	CASSVGLGQSYEQYF	TRBV9	TRBJ2-7
105357	2	1.78054117768555e-06	TGTGCCAGCAGCGTAGGGTTCGGGACCCGCGAGCAGTACTTC	CASSVGFGTREQYF	TRBV9	TRBJ2-7
63411	2	1.78054117768555e-06	TGTGCCAGCAGCGTAGGTGACAGGGGGGGCTTGGTGGAGCAGTACTTC	CASSVGDRGGLVEQYF	TRBV9	TRBJ2-7
135770	2	1.78054117768555e-06	TGTGCCAGCAGCGTAGGTGAGGGCGAGCAGTACTTC	CASSVGEGEQYF	TRBV9	TRBJ2-7
105343	2	1.78054117768555e-06	TGTGCCAGCAGCGTAGGTGCAGGGGACTACGAGCAGTACTTC	CASSVGAGDYEQYF	TRBV9	TRBJ2-7
105348	2	1.78054117768555e-06	TGTGCCAGCAGCGTAGGTGGGACAGACTACGAGCAGTACTTC	CASSVGGTDYEQYF	TRBV9	TRBJ2-7
105345	2	1.78054117768555e-06	TGTGCCAGCAGCGTAGGTGGTAACTCCTACGAGCAGTACTTC	CASSVGGNSYEQYF	TRBV9	TRBJ2-7
105341	2	1.78054117768555e-06	TGTGCCAGCAGCGTAGGTTGGGGTATACGGGAGCAGTACTTC	CASSVGWGIREQYF	TRBV9	TRBJ2-7
63379	2	1.78054117768555e-06	TGTGCCAGCAGCGTAGTAGCGGGACAGGGGACCTACGAGCAGTACTTC	CASSVVAGQGTYEQYF	TRBV9	TRBJ2-7
105298	2	1.78054117768555e-06	TGTGCCAGCAGCGTAGTAGGGGGCTCCTACGAGCAGTACTTC	CASSVVGGSYEQYF	TRBV9	TRBJ2-7
105291	2	1.78054117768555e-06	TGTGCCAGCAGCGTAGTGGGAACCGGGTACGAGCAGTACTTC	CASSVVGTGYEQYF	TRBV9	TRBJ2-7
82944	2	1.78054117768555e-06	TGTGCCAGCAGCGTAGTGGGGGACAATTTCGACGAGCAGTACTTC	CASSVVGDNFDEQYF	TRBV9	TRBJ2-7
105282	2	1.78054117768555e-06	TGTGCCAGCAGCGTAGTTCCGTCCCTGTACGAGCAGTACTTC	CASSVVPSLYEQYF	TRBV9	TRBJ2-7
105270	2	1.78054117768555e-06	TGTGCCAGCAGCGTATATGGTGGAGCCTACGAGCAGTACTTC	CASSVYGGAYEQYF	TRBV9	TRBJ2-7
105266	2	1.78054117768555e-06	TGTGCCAGCAGCGTATCAGCGGACACCTACGAGCAGTACTTC	CASSVSADTYEQYF	TRBV9	TRBJ2-7
105268	2	1.78054117768555e-06	TGTGCCAGCAGCGTATCAGGGGAGGCCTACGAGCAGTACTTC	CASSVSGEAYEQYF	TRBV9	TRBJ2-7
82917	2	1.78054117768555e-06	TGTGCCAGCAGCGTATCAGGGTCCGGTTCCTACGAGCAGTACTTC	CASSVSGSGSYEQYF	TRBV9	TRBJ2-7
105265	2	1.78054117768555e-06	TGTGCCAGCAGCGTATCGGACAGGGCCTACGAGCAGTACTTC	CASSVSDRAYEQYF	TRBV9	TRBJ2-7
44489	2	1.78054117768555e-06	TGTGCCAGCAGCGTATCGGCGGGGGACCCCCCCCTAAGCTCCTACGAGCAGTACTTC	CASSVSAGDPPLSSYEQYF	TRBV9	TRBJ2-7
105262	2	1.78054117768555e-06	TGTGCCAGCAGCGTATCTGGCAGGGGGCGCGAGCAGTACTTC	CASSVSGRGREQYF	TRBV9	TRBJ2-7
63363	2	1.78054117768555e-06	TGTGCCAGCAGCGTATCTGTGGGACAGGGGGCCTACGAGCAGTACTTC	CASSVSVGQGAYEQYF	TRBV9	TRBJ2-7
135743	2	1.78054117768555e-06	TGTGCCAGCAGCGTATTCAGGGTCGAGCAGTACTTC	CASSVFRVEQYF	TRBV9	TRBJ2-7
124092	2	1.78054117768555e-06	TGTGCCAGCAGCGTATTCCAGGGGCGCGAGCAGTACTTC	CASSVFQGREQYF	TRBV9	TRBJ2-7
141376	2	1.78054117768555e-06	TGTGCCAGCAGCGTCACCTACGAGCAGTACTTC	CASSVTYEQYF	TRBV9	TRBJ2-7
105226	2	1.78054117768555e-06	TGTGCCAGCAGCGTCAGCGGGGGGGCGTACGAGCAGTACTTC	CASSVSGGAYEQYF	TRBV9	TRBJ2-7
105195	2	1.78054117768555e-06	TGTGCCAGCAGCGTCCGGGACAGCCCCTACGAGCAGTACTTC	CASSVRDSPYEQYF	TRBV9	TRBJ2-7
82834	2	1.78054117768555e-06	TGTGCCAGCAGCGTCCGGGACAGGGACTCCTACGAGCAGTACTTC	CASSVRDRDSYEQYF	TRBV9	TRBJ2-7
82830	2	1.78054117768555e-06	TGTGCCAGCAGCGTCCGGGACGGCGGAGTGTCCGAGCAGTACTTC	CASSVRDGGVSEQYF	TRBV9	TRBJ2-7
124063	2	1.78054117768555e-06	TGTGCCAGCAGCGTCGGAAATACCTACGAGCAGTACTTC	CASSVGNTYEQYF	TRBV9	TRBJ2-7
124061	2	1.78054117768555e-06	TGTGCCAGCAGCGTCGGACAGGGGACCGAGCAGTACTTC	CASSVGQGTEQYF	TRBV9	TRBJ2-7
124060	2	1.78054117768555e-06	TGTGCCAGCAGCGTCGGACAGGGGCGGGAGCAGTACTTC	CASSVGQGREQYF	TRBV9	TRBJ2-7
82852	2	1.78054117768555e-06	TGTGCCAGCAGCGTCGGACTAGCGGGAAACTACGAGCAGTACTTC	CASSVGLAGNYEQYF	TRBV9	TRBJ2-7
105217	2	1.78054117768555e-06	TGTGCCAGCAGCGTCGGAGACAGGGGCTACGAGCAGTACTTC	CASSVGDRGYEQYF	TRBV9	TRBJ2-7
82850	2	1.78054117768555e-06	TGTGCCAGCAGCGTCGGGACAGGATTAGCCTACGAGCAGTACTTC	CASSVGTGLAYEQYF	TRBV9	TRBJ2-7
105212	2	1.78054117768555e-06	TGTGCCAGCAGCGTCGGGACGGACCCATACGAGCAGTACTTC	CASSVGTDPYEQYF	TRBV9	TRBJ2-7
105208	2	1.78054117768555e-06	TGTGCCAGCAGCGTCGGGGCGGGAGGACCAGAGCAGTACTTC	CASSVGAGGPEQYF	TRBV9	TRBJ2-7
105202	2	1.78054117768555e-06	TGTGCCAGCAGCGTCGTAGCGGGAGACTACGAGCAGTACTTC	CASSVVAGDYEQYF	TRBV9	TRBJ2-7
82824	2	1.78054117768555e-06	TGTGCCAGCAGCGTCTCGGCTAGCGGAGACTACGAGCAGTACTTC	CASSVSASGDYEQYF	TRBV9	TRBJ2-7
63329	2	1.78054117768555e-06	TGTGCCAGCAGCGTCTCGGGTCGGACAGGGGATCACGAGCAGTACTTC	CASSVSGRTGDHEQYF	TRBV9	TRBJ2-7
105252	2	1.78054117768555e-06	TGTGCCAGCAGCGTGACAGGGTGGCAAGATGAGCAGTACTTC	CASSVTGWQDEQYF	TRBV9	TRBJ2-7
82899	2	1.78054117768555e-06	TGTGCCAGCAGCGTGACAGTTTCTGAATTTGACGAGCAGTACTTC	CASSVTVSEFDEQYF	TRBV9	TRBJ2-7
124072	2	1.78054117768555e-06	TGTGCCAGCAGCGTGCAGGAGGGTTACGAGCAGTACTTC	CASSVQEGYEQYF	TRBV9	TRBJ2-7
124071	2	1.78054117768555e-06	TGTGCCAGCAGCGTGCGAGGGGTGGGGGAGCAGTACTTC	CASSVRGVGEQYF	TRBV9	TRBJ2-7
105247	2	1.78054117768555e-06	TGTGCCAGCAGCGTGGGACAGAACACCTACGAGCAGTACTTC	CASSVGQNTYEQYF	TRBV9	TRBJ2-7
105246	2	1.78054117768555e-06	TGTGCCAGCAGCGTGGGACAGGATGCCTACGAGCAGTACTTC	CASSVGQDAYEQYF	TRBV9	TRBJ2-7
105245	2	1.78054117768555e-06	TGTGCCAGCAGCGTGGGACAGGGGGCCTACGAGCAGTACTTC	CASSVGQGAYEQYF	TRBV9	TRBJ2-7
105249	2	1.78054117768555e-06	TGTGCCAGCAGCGTGGGAGGGGCCATGTACGAGCAGTACTTC	CASSVGGAMYEQYF	TRBV9	TRBJ2-7
105241	2	1.78054117768555e-06	TGTGCCAGCAGCGTGGGGACATATGGCTACGAGCAGTACTTC	CASSVGTYGYEQYF	TRBV9	TRBJ2-7
82884	2	1.78054117768555e-06	TGTGCCAGCAGCGTGGGGACTAGCGGCTCCTACGAGCAGTACTTC	CASSVGTSGSYEQYF	TRBV9	TRBJ2-7
124078	2	1.78054117768555e-06	TGTGCCAGCAGCGTGGGGGGGACCTACGAGCAGTACTTC	CASSVGGTYEQYF	TRBV9	TRBJ2-7
82868	2	1.78054117768555e-06	TGTGCCAGCAGCGTGTCAACGGGGGCAGCCTACGAGCAGTACTTC	CASSVSTGAAYEQYF	TRBV9	TRBJ2-7
82866	2	1.78054117768555e-06	TGTGCCAGCAGCGTGTCCCCCGGTGGGAGTTCGGAGCAGTACTTC	CASSVSPGGSSEQYF	TRBV9	TRBJ2-7
82812	2	1.78054117768555e-06	TGTGCCAGCAGCGTTACCGGGACTTCGGCCTACGAGCAGTACTTC	CASSVTGTSAYEQYF	TRBV9	TRBJ2-7
105185	2	1.78054117768555e-06	TGTGCCAGCAGCGTTAGCGGGAGCTCCTACGAGCAGTACTTC	CASSVSGSSYEQYF	TRBV9	TRBJ2-7
105189	2	1.78054117768555e-06	TGTGCCAGCAGCGTTAGGACAGGGTTGGACGAGCAGTACTTC	CASSVRTGLDEQYF	TRBV9	TRBJ2-7
82808	2	1.78054117768555e-06	TGTGCCAGCAGCGTTATGTCAGGGCCCCAGGGCGAGCAGTACTTC	CASSVMSGPQGEQYF	TRBV9	TRBJ2-7
105166	2	1.78054117768555e-06	TGTGCCAGCAGCGTTCAGGGGGCAAAACACGAGCAGTACTTC	CASSVQGAKHEQYF	TRBV9	TRBJ2-7
63318	2	1.78054117768555e-06	TGTGCCAGCAGCGTTGGACTAGCGGGCGGCGTGGATGAGCAGTACTTC	CASSVGLAGGVDEQYF	TRBV9	TRBJ2-7
105175	2	1.78054117768555e-06	TGTGCCAGCAGCGTTGGGACAGGGGGTTACGAGCAGTACTTC	CASSVGTGGYEQYF	TRBV9	TRBJ2-7
105173	2	1.78054117768555e-06	TGTGCCAGCAGCGTTGGGGACGCCGCCTACGAGCAGTACTTC	CASSVGDAAYEQYF	TRBV9	TRBJ2-7
82802	2	1.78054117768555e-06	TGTGCCAGCAGCGTTGGTATAGAGGACCGCTACGAGCAGTACTTC	CASSVGIEDRYEQYF	TRBV9	TRBJ2-7
82794	2	1.78054117768555e-06	TGTGCCAGCAGCGTTTCGGGGGGGGAAACCTACGAGCAGTACTTC	CASSVSGGETYEQYF	TRBV9	TRBJ2-7
105159	2	1.78054117768555e-06	TGTGCCAGCAGCGTTTCGGGTGACGCCTACGAGCAGTACTTC	CASSVSGDAYEQYF	TRBV9	TRBJ2-7
82792	2	1.78054117768555e-06	TGTGCCAGCAGCGTTTTAGGGACACCGGAGGGCGAGCAGTACTTC	CASSVLGTPEGEQYF	TRBV9	TRBJ2-7
80203	2	1.78054117768555e-06	TGTGCCAGCAGCTACAGGGAGGGCCTAGGGGACGAGCAGTACTTC	CASSYREGLGDEQYF	TRBV9	TRBJ2-7
122408	2	1.78054117768555e-06	TGTGCCAGCAGCTCAACCTGGGGAGGGGAGCAGTACTTC	CASSSTWGGEQYF	TRBV9	TRBJ2-7
102824	2	1.78054117768555e-06	TGTGCCAGCAGCTCACCGGGACAGGGTTACGAGCAGTACTTC	CASSSPGQGYEQYF	TRBV9	TRBJ2-7
102568	2	1.78054117768555e-06	TGTGCCAGCAGCTCCCAGGGCACCTCCTACGAGCAGTACTTC	CASSSQGTSYEQYF	TRBV9	TRBJ2-7
79666	2	1.78054117768555e-06	TGTGCCAGCAGCTCCCGAACGGACAGGGGCTACGAGCAGTACTTC	CASSSRTDRGYEQYF	TRBV9	TRBJ2-7
102561	2	1.78054117768555e-06	TGTGCCAGCAGCTCCCGGACAGGGGGCCATGAGCAGTACTTC	CASSSRTGGHEQYF	TRBV9	TRBJ2-7
102628	2	1.78054117768555e-06	TGTGCCAGCAGCTCCGGACCGACCCCCTACGAGCAGTACTTC	CASSSGPTPYEQYF	TRBV9	TRBJ2-7
79580	2	1.78054117768555e-06	TGTGCCAGCAGCTCCTGGACTAGCGGGAGGAACGAGCAGTACTTC	CASSSWTSGRNEQYF	TRBV9	TRBJ2-7
102717	2	1.78054117768555e-06	TGTGCCAGCAGCTCGGGGACAGAAGCCTACGAGCAGTACTTC	CASSSGTEAYEQYF	TRBV9	TRBJ2-7
46230	2	1.78054117768555e-06	TGTGCCAGCAGCTCTAGCGGGAGTTTCTCTTCGTGGTCCTACGAGCAGTACTTC	CASSSSGSFSSWSYEQYF	TRBV9	TRBJ2-7
79473	2	1.78054117768555e-06	TGTGCCAGCAGCTCTCCCGGGACAGGACCCTACGAGCAGTACTTC	CASSSPGTGPYEQYF	TRBV9	TRBJ2-7
61076	2	1.78054117768555e-06	TGTGCCAGCAGCTCTCGGCCGGGACAGGGTGACTTCGAGCAGTACTTC	CASSSRPGQGDFEQYF	TRBV9	TRBJ2-7
122142	2	1.78054117768555e-06	TGTGCCAGCAGCTCTGACGGGGCTTACGAGCAGTACTTC	CASSSDGAYEQYF	TRBV9	TRBJ2-7
79503	2	1.78054117768555e-06	TGTGCCAGCAGCTCTGGACTAGCGGACTCCTACGAGCAGTACTTC	CASSSGLADSYEQYF	TRBV9	TRBJ2-7
61478	2	1.78054117768555e-06	TGTGCCAGCAGCTGGGGGACTAGCGGGAGTTCCTACGAGCAGTACTTC	CASSWGTSGSSYEQYF	TRBV9	TRBJ2-7
101964	2	1.78054117768555e-06	TGTGCCAGCAGCTTAGGACAGGACTCCTACGAGCAGTACTTC	CASSLGQDSYEQYF	TRBV9	TRBJ2-7
124885	2	1.78054117768555e-06	TGTGCCAGCAGGGGGTCAGGAGCCGACGAGCAGTACTTC	CASRGSGADEQYF	TRBV9	TRBJ2-7
120508	2	1.78054117768555e-06	TGTGCCAGCAGTACGAGTCTGATAGACGAGCAGTACTTC	CASSTSLIDEQYF	TRBV9	TRBJ2-7
100149	2	1.78054117768555e-06	TGTGCCAGCAGTACTGGGGGACTGGAATACGAGCAGTACTTC	CASSTGGLEYEQYF	TRBV9	TRBJ2-7
119791	2	1.78054117768555e-06	TGTGCCAGCAGTCCAGGGGCTCTAAACGAGCAGTACTTC	CASSPGALNEQYF	TRBV9	TRBJ2-7
99347	2	1.78054117768555e-06	TGTGCCAGCAGTCGACAGGTGTCCTCCTACGAGCAGTACTTC	CASSRQVSSYEQYF	TRBV9	TRBJ2-7
99364	2	1.78054117768555e-06	TGTGCCAGCAGTCGAGCGGGGGGGTCCTACGAGCAGTACTTC	CASSRAGGSYEQYF	TRBV9	TRBJ2-7
131052	2	1.78054117768555e-06	TGTGCCAGCCCCGGGACAACATTTACGAGCAGTACTTC	CASPGT_IYEQYF	TRBV9	TRBJ2-7
132508	2	1.78054117768555e-06	TGTGCCAGCGAGGGCAGAGCCTACGAGCAGTACTTC	CASEGRAYEQYF	TRBV9	TRBJ2-7
117071	2	1.78054117768555e-06	TGTGCCAGCGCGGTGCAGGCGGGCGGCGAGCAGTACTTC	CASAVQAGGEQYF	TRBV9	TRBJ2-7
140008	2	1.78054117768555e-06	TGTGCCAGCTCAAACTTTGACGAGCAGTACTTC	CASSNFDEQYF	TRBV9	TRBJ2-7
94648	2	1.78054117768555e-06	TGTGCCAGCTCCACCGGGATTCAATCTTACGAGCAGTACTTC	CASSTGIQSYEQYF	TRBV9	TRBJ2-7
94057	2	1.78054117768555e-06	TGTGCCAGTTCCCTAGGGCAAGGGAAGGACGAGCAGTACTTC	CASSLGQGKDEQYF	TRBV9	TRBJ2-7
139638	2	1.78054117768555e-06	TGTGCCGTGAACCCTTACTACGAGCAGTACTTC	CAVNPYYEQYF	TRBV9	TRBJ2-7
